Hashtags,movies
"['GalaxyS9', 'withgalaxy', 'CONCOURS']",Avatar
"['Spectre', 'Intel', 'Spectre', 'Intel', 'Seattle', 'infosec']",Spectre
"['thedarkknightrises', 'TheDarkKnightRises', 'customfoodtruck', 'foodtruckforsale', 'thedarkknightrises', 'batman', 'TheDarkKnightRises', 'TheDarkKnightRises', 'TheDarkKnightRises', 'BlackPanther', 'CivilWar', 'IronMan3', 'WonderWoman', 'TheDarkKnightRises', 'ChristopherNolan', 'film', '2010s', 'Inception', 'TheDarkKnightRises', 'Interstellar', 'Dunkirk', 'ChristopherNolan', 'film', '2010s', 'Inception', 'TheDarkKnightRises', 'Interstellar', 'Dunkirk', 'ChristopherNolan', 'film', '2010s', 'Inception', 'TheDarkKnightRises', 'Interstellar', 'Dunkirk', 'TheDarkKnightRises', 'Batman', 'BruceWayne', 'Gotham', 'Bane', 'TheDarkKnightRises', 'Funny', 'Backstage', 'BatManBegins', 'TheDarkKnightRises', 'Inception', 'CivilWar', 'IronMan', 'justathought', 'MovieReview', 'TheDarkKnightRises', 'Thedarkknightrises', 'cartoons', 'batman', 'brucewayne', 'TheDarkKnight', 'Cosplay']",TheDarkKnightRises
"['ElCineQueHeVistoEn2018', 'JohnCarter', 'หวย30ล้าน', 'JohnCarter', 'DejahThoris', 'BackToBarsoom', 'JohnCarter2Tuesday', 'JohnCarterStillLives', 'OldCarCity', 'Georgia', 'oldcar', 'vintagecar', 'TX31', 'JohnCarter', 'JohnCarter', 'DejahThoris', 'BackToBarsoom', 'JohnCarter2Tuesday', 'JohnCarterStillLives', 'JohnCarter', 'DejahThoris', 'BackToBarsoom', 'JohnCarter2Tuesday', 'UnViajeEnElTiempo', 'นักดนตรีฝึกหัด', 'SpartaTN', 'instagramtennessee', 'waterfall', 'livelocallytn', 'Netflix', 'CoachCarter']",JohnCarter
"['Trudeau', 'Trudeau', 'Trudeau', 'BBNaija', 'Trudeau']",Tangled
"['Avengers', 'AgeOfUltron', 'ScarletWitch', 'marvelmoviechallenge', 'BlackPanther', 'TheAvengers', 'Avengers', 'AgeOfUltron', 'BoxOfficeUSA', 'AgeOfUltron', 'AgeOfUltron', 'Avengers', 'AgeOfUltron', 'Avengers', 'AgeOfUltron', 'TBS', 'Avengers', 'AgeofUltron', 'blackpanther', 'mcu', 'avengers', 'ageofultron', 'marvel', 'Avengers', 'AgeOfUltron', 'RoadToInfinityWar', 'Avengers', 'InfinityWar', 'Avengers', 'AgeofUltron', 'AgeOfUltron', 'PressTour', 'Avengerpalooza', 'AaronTaylorJohnson', 'ElizabethOlsen', 'Godzilla', 'avengers', 'ageofultron', 'Thor', 'Avengers', 'AgeOfUltron', 'Vest', 'Fashionable', 'AgeOfUltron', 'PressTour', 'Avengerpalooza', 'Avengers', 'AgeOfUltron', 'Marvel', 'CivilWar', 'AgeOfUltron', 'AgeOfUltron', 'AgeOfUltron', 'AgeOfUltron', 'PressTour', 'Avengerpalooza', 'NationalSuperHeroDay', 'Avengers', 'AgeOfUltron', 'Avengers', 'AgeofUltron', 'StarWars', 'ForceAwakens', 'StarWars', 'LastJedi', 'JurassicWorld', 'Avengers', 'AgeofUltron', 'Avengers', 'AgeofUltron', 'CivilWar', 'AgeOfUltron', 'Avengers', 'AgeOfUltron']",Avengers:AgeofUltron
"['notebook', 'SupermanReturns', 'supermanreturns', 'songtriplets', 'SupermanReturns', 'SupermanReturns', 'SupermanReturns', 'SupermanReturns', 'SupermanReturns', 'SupermanLives', 'SupermanReturns', '강다니엘', '워너원', 'WANNAONE', '대박', '이시안', 'SupermanReturns', '강다니엘', '워너원', 'WANNAONE', '대박', '이시안', 'superman', 'supermanfan', 'supermanreturns', 'supermancosplay', 'supermanpunch', 'supermanshirt', 'SupermanReturns', 'SupermanReturns', 'SupermanReturns', 'SupermanReturns', 'williamhammington', 'supermanreturns']",SupermanReturns
"['QuantumOfSolace', 'quantumofsolace', 'skyfall', 'QuantumOfSolace', 'quantumofsolace', 'rtl7', 'quantumofsolace', 'jamesBond', 'RTL7', 'QuantumOfSolace', 'JamesBond', 'Spectra', 'QuantumofSolace', 'QuantumOfSolace', 'JamesBond', 'Spectra', 'QuantumofSolace', 'JamesBond', 'Spectra', 'QuantumofSolace', 'JamesBond', 'Spectra', 'QuantumofSolace', 'JamesBond', 'JamesBond', 'Spectra', 'QuantumofSolace', 'JamesBond', 'Spectra', 'QuantumofSolace', 'JamesBond', 'Spectra', 'QuantumofSolace', 'JamesBond', 'Spectra', 'QuantumofSolace', 'QuantumOfSolace', 'JamesBond', 'JamesBond', 'Spectra', 'quantumofsolace', 'jamesbond', 'jamesbond007', 'film', 'filmgram', 'bluray', 'bluraygram', 'QuantumOfSolace', 'QuantumofSolace']",QuantumofSolace
"['TheLoneRanger', 'DeputyMarshal', 'BassReeves', 'Ofcourse', 'CantKillTheRadio', 'SamskaraRadio', 'NewSingle', 'TheLoneRanger', 'waiting', 'studiolife', 'TheLoneRanger', 'TheLoneRanger', 'TheLoneRanger', 'JohnCarter', 'Tron', 'Tomorrowland', 'TheLoneRanger']",TheLoneRanger
"['JusticeLeague', 'TheFlash', 'superman', 'Superman', 'HenryCavill', 'manofsteel', 'Superman', 'batman', 'superman', 'wonderwoman', 'aquaman', 'flash', 'cyborg', 'HenryCavill', 'ThankYouZack', 'ManofSteel', 'HenryCavill', 'DCFilms', 'Shazam', '29february', 'HappyBirthday', 'Superman', 'KalEl', 'ClarkKent', 'ManofSteel', 'manoftomorrow', 'BlackPanther', 'ManofSteel', 'ZachSnyder', 'ManofSteel', 'HenryCavill', 'Superman', 'ManOfSteel', 'superman', 'manofsteel', 'justiceleague', 'dccomics', 'funkofun', 'superman', 'manofsteel', 'justiceleague', 'dccomics', 'BTSARMY', '방탄_한대음_올해의음악인_축하해', 'iHeartAwards', 'BestFanArmy', 'BTSARMY', 'iHeartAwards', 'BestFanArmy', 'BTSARMY', 'HIXTAPE_D2', 'iHeartAwards', 'iHeartAwards', 'BestFanArmy', 'BTSARMY', 'iHeartAwards']",ManofSteel
"['TheAvengers', 'TheAvengers', 'TheAvengers', 'TheAvengers', 'TheAvengers', 'TheAvengers', 'TheAvengers', 'TheAvengers', 'TheAvengers', 'TheAvengers', 'TheAvengers', 'TheAvengers', 'TheAvengers', 'TheAvengers', 'TheAvengers', 'TheAvengers', 'BlackPanther', 'TheAvengers', 'TheAvengers', 'TheAvengers', 'PwnedGames', 'marvel', 'ultimatealliance', 'ultimatealliance2', 'MUA', 'xbox', 'xbox360']",TheAvengers
"['crypto', 'Robinhood', 'waterfall', 'Robinhood', 'SMMW18', 'IdRatherWalkBarefootOverLegos', 'TurnOffThePhoneWhen', 'giveaway', 'bitcoin', 'btc', 'coinbase', 'giveaway', 'bitcoin', 'btc', 'CryptoNews', 'crypto', 'Robinhood', 'Cryptocurrency', 'Robinhood', 'Cryptocurrency', 'Robinhood', 'Cryptocurrency', 'Robinhood']",RobinHood
"['KingKong', 'stanleyenow', 'elleestla', 'erwin_sange', 'TsaOn3', 'TheQueenMzansi', 'MyOriginStory', 'suchitrakarthik', 'TopGear', 'kingkong', 'WHUCHE', 'MuslimBan2', 'Mbaku', 'wakanda', 'kingkong', 'erwin_sange', 'TwitchCon', 'TwitchCon', 'KingKong', 'stanleyenow', 'elleestla', 'KingKong', 'stanleyenow', 'elleestla', 'erwin_sange', 'AndySerkis', 'KingKong', 'gollum', 'caesar', 'Mbaku', 'wakanda', 'kingkong', 'erwin_sange', 'kingkong', 'illustration', 'ink', 'blackandwhite', 'homage', 'kong', 'artoftheday', 'kingkong', 'illustration', 'ink', 'blackandwhite', 'homage', 'kong', 'artoftheday']",KingKong
"['KateWinslet', 'Titanic', 'Purim', 'fact']",Titanic
"['blackpanther', 'wakandaforever', 'captainamerica', 'civilwar', 'infinitywar', 'CaptainAmerica', 'CivilWar', 'TChalla', 'CaptainAmerica', 'CivilWar', 'Tchalla', 'BlackPanther', 'TChalla', 'CaptainAmerica', 'CivilWar', 'Tchalla', 'BlackPanther', 'BlackPanther', 'MCU', 'CaptainAmerica', 'CivilWar', 'BlackPanther', 'MCU', 'CaptainAmerica', 'CivilWar', 'BlackPanther', 'MCU', 'CaptainAmerica', 'CivilWar', 'captainamerica', 'civilwar', 'ironman', 'TChalla', 'CaptainAmerica', 'CivilWar', 'Tchalla', 'BlackPanther', 'TChalla', 'CaptainAmerica', 'CivilWar', 'Tchalla', 'BlackPanther', 'TChalla', 'CaptainAmerica', 'CivilWar', 'Tchalla', 'BlackPanther', 'TChalla', 'CaptainAmerica', 'CivilWar', 'Tchalla', 'blackpanther', 'tchalla', 'captainamerica', 'civilwar', 'marvel', 'wintersoldier', 'captainamerica', 'civilwar', 'theavengers', 'infinitywar', 'blackpanther', 'CaptainAmerica', 'CivilWar', 'marvel', 'wintersoldier', 'captainamerica', 'civilwar', 'theavengers', 'infinitywar', 'blackpanther', 'BlackPanther', 'Tchalla', 'BlackWidow', 'CaptainAmerica', 'CivilWar', 'marvel', 'wintersoldier', 'captainamerica', 'civilwar', 'theavengers', 'infinitywar', 'blackpanther', 'marvel', 'wintersoldier', 'captainamerica', 'civilwar', 'theavengers', 'infinitywar', 'blackpanther', 'marvel', 'wintersoldier', 'captainamerica', 'civilwar', 'theavengers', 'infinitywar', 'blackpanther', 'marvel', 'wintersoldier', 'captainamerica', 'civilwar', 'theavengers', 'infinitywar', 'blackpanther', 'marvel', 'wintersoldier', 'captainamerica', 'civilwar', 'theavengers', 'infinitywar', 'blackpanther', 'marvel', 'wintersoldier', 'captainamerica', 'civilwar', 'theavengers', 'infinitywar', 'CaptainAmerica', 'CivilWar', 'avengers', 'Marvel', 'Nerd', 'Training', 'WorkOut', 'CaptainAmerica', 'CivilWar', 'avengers', 'Marvel', 'Nerd', 'Training', 'WorkOut', 'Thor', 'CivilWar']",CaptainAmerica:CivilWar
"['onthisday', 'otd', 'HighgateOlympicsWeek', 'HighgateOlympicsWeek', 'LifeGoalsDone', 'Clexa', 'Delena', 'Bellarke', 'Chair']",Battleship
"['FallenKingdom', 'FallenKingdom', 'thedinosaurman', 'FallenKingdom', 'FallenKingdom', 'JurassicWorld', 'ElReinoCaído', 'FallenKingdom', 'FallenKingdom', 'FallenKingdom', 'FallenKingdom', 'FallenKingdom', 'FallenKingdom', 'FallenKingdom', 'FallenKingdom', 'FallenKingdom', 'FallenKingdom', 'AnimalKingdom', 'FallenKingdom', 'JurassicWorld', 'ElReinoCaído', 'FallenKingdom', 'FallenKingdom', 'FallenKingdom', 'FallenKingdom', 'FallenKingdom', 'JurassicWorld', 'ElReinoCaído', 'FallenKingdom']",JurassicWorld
"['bond', 'jamesbond', 'JamesBond', 'Skyfall', 'rtl7', 'skyfall', 'Skyfall', 'DaysBeforeRodeo', 'cornwallhour', 'handmadehour', 'NCT', 'NCT2018', 'NCTZEN', 'NCT_U', 'NCT_U_BOSS', 'BOSS', '0301WONHODAY']",Skyfall
"['reboot', 'AlienvsPredator', 'reboot', 'AlienvsPredator', 'tonystark', 'ironman3', 'mark42', 'canon80d', 'ironman', 'legendstudioracing', 'tony', 'iranmanmark42', 'US', 'BLACKPANTHER', 'SPIDERMAN', 'ironman3', 'NarendraModi', 'India', 'congresslootedindia', 'Bharat', 'アイアンマン3', 'BlackPanther', 'CivilWar', 'IronMan3', 'WonderWoman', 'marvel', 'ironman', 'ironmandrawing', 'ironman3', 'black', 'drawing', 'art', 'pencil', 'MCU', 'IronMan3', 'Thor', 'IronMan3', 'IronMan']",IronMan3
"['film', 'DubNation', 'NCT127', 'JAEHYUN', '재현', 'McMafia', 'QuartaDasBundas', 'quartadascomportadas', 'NowPlaying', 'internship', 'EdwardsAFB', 'NASA', 'Engineering', 'CareerArc']",X-Men:TheLastStand
"['MonstersUniversity', 'RandallBoggs', 'Doodle', 'MonstersInc', 'MonstersU', 'monstersuniversity', 'mu', 'monstersinc', 'monstersuniversity', 'wod', 'worldofdisney', 'dtd', 'downtowndisney', 'WaltDisneyWorld', 'disneysprings', 'RandallBoggs', 'Doodle', 'MonstersInc', 'あけましておめでとうございます', 'マイク・ワゾウスキ', '雑煮', 'モンスターズ・インク', 'モンスターズ・ユニバーシティ', 'ピクサー', 'MikeWazowski', 'MonstersInc', 'あけましておめでとうございます', 'マイク・ワゾウスキ', '雑煮', 'モンスターズ・インク', 'モンスターズ・ユニバーシティ', 'ピクサー', 'MikeWazowski', 'MonstersInc', 'monstersuniversity', 'wip', 'disneyinfinity', 'customfigures', 'sulley', 'mikewazowski', 'monstersinc', 'Disney', 'DisneyWorld', 'MagicKingdom', 'DisneyParks', 'MonstersInc', 'MonstersUniversity', 'Pixar', 'Disneyland', 'Disney', 'DisneyWorld', 'MagicKingdom', 'DisneyParks', 'MonstersInc', 'MonstersUniversity', 'Pixar', 'Disneyland', 'monstersuniversity', 'monstersuniversity', 'monstersuniversity', 'monstersuniversity', 'MonstersUniversity', 'MonstersUniversity', 'MonstersUniversity', 'Disney', 'DisneyWorld', 'MagicKingdom', 'MonstersUniversity', 'MonstersInc', 'Disneyland', 'WaltDisney', 'WaltDisneyWorld', 'Disney', 'DisneyWorld', 'MagicKingdom', 'MonstersUniversity', 'MonstersInc', 'Disneyland', 'WaltDisney', 'WaltDisneyWorld', 'tokyodisneyland', 'monstersuniversity', 'MonstersUniversity', 'DisneyStore']",MonstersUniversity
"['MarkRaats', 'Poster', 'Fanart', 'Artist', 'Art', 'The602Club', 'The602Club', 'nowplaying', 'KaiserTone']",TRON:Legacy
"['crítica', 'cine', 'Cars2', 'WreckItRalph2', 'WorstPresidentEver', 'fulfillment', 'IdRatherWalkBarefootOverLegos', 'TheResistance', 'democrats', 'Obama', 'Hillary', 'LIED', 'IdRatherWalkBarefootOverLegos', 'GunFreeZone', '2A', 'NRA', '2ADefenders', 'MolonLabe', 'GunFreeZonesKill', 'TheResistance', 'AltLeft', 'antifa', 'RussianCollusion', 'FusionGPS', 'UraniumOne', 'WarOnWomen', 'feminist', 'IdRatherWalkBarefootOverLegos', 'Ignorant', 'TheResistance', 'democrats', 'IdRatherWalkBarefootOverLegos', 'TheResistance', 'democrat', 'socialists', 'ElizabethWarren', 'US', 'IdRatherWalkBarefootOverLegos', 'TheResistance', 'democrat', 'ignorance', 'MaxineWaters', 'Putin', 'IdRatherWalkBarefootOverLegos', 'TheResistance', 'antifa', 'IdRatherWalkBarefootOverLegos', 'TheResistance', 'AltLeft', 'antifa', 'WarOnWomen', 'feminist', 'LawEnforcement', 'USA', 'Conservative', 'TheResistance', 'democrats', 'resist', 'American', 'taxpayers', 'ignorant', 'TheResistance', 'democrat', 'libtard', 'bot', 'propaganda', 'ignorant', 'TheResistance', 'democrat', 'libtard', 'propaganda', 'BREAKING', 'taxpayer', 'RussianCollusion']",Cars2
"['WonderWoman', 'Superman', 'Flash', 'GreenLantern', 'WonderWoman', 'Superman', 'Flash', 'GreenLantern', 'WonderWoman', 'Superman', 'Flash', 'GreenLantern', 'WonderWoman', 'Superman', 'Flash', 'GreenLantern', 'WonderWoman', 'Superman', 'Flash', 'GreenLantern', 'NCBD', 'reviews', 'GreenLantern', 'WonderWoman', 'Superman', 'Flash', 'GreenLantern', 'WonderWoman', 'Superman', 'Flash', 'GreenLantern', 'WonderWoman', 'Superman', 'Flash', 'GreenLantern', 'WonderWoman', 'Superman', 'Flash', 'GreenLantern', 'WonderWoman', 'Superman', 'Flash', 'GreenLantern', 'WonderWoman', 'Superman', 'Flash', 'GreenLantern', 'WonderWoman', 'Superman', 'Flash', 'GreenLantern', 'WonderWoman', 'Superman', 'Flash', 'GreenLantern', 'WonderWoman', 'Superman', 'Flash', 'GreenLantern', 'WonderWoman', 'Superman', 'Flash', 'GreenLantern', 'WonderWoman', 'Superman', 'Flash', 'GreenLantern', 'WonderWoman', 'Superman', 'Flash', 'GreenLantern', 'WonderWoman', 'Superman', 'Flash', 'GreenLantern', 'WonderWoman', 'Superman', 'Flash', 'GreenLantern', 'WonderWoman', 'Superman', 'Flash', 'GreenLantern', 'GreenLantern', 'WonderWoman', 'Superman', 'Flash', 'GreenLantern', 'WonderWoman', 'Superman', 'Flash', 'GreenLantern', 'WonderWoman', 'Superman', 'Flash', 'GreenLantern', 'WonderWoman', 'Superman', 'Flash', 'GreenLantern', 'WonderWoman', 'Superman', 'Flash', 'GreenLantern', 'WonderWoman', 'Superman', 'Flash', 'GreenLantern', 'WonderWoman', 'Superman', 'Flash', 'GreenLantern']",GreenLantern
"['BlackPanther', 'WonderWoman', 'ToyStory3', 'BlackPanther', 'WonderWoman', 'ToyStory3', 'BlackPanther', 'WonderWoman', 'ToyStory3', 'BlackPanther', 'WonderWoman', 'ToyStory3', 'BlackPanther', 'WonderWoman', 'ToyStory3', 'BlackPanther', 'WonderWoman', 'ToyStory3', 'BlackPanther', 'WonderWoman', 'ToyStory3', 'BlackPanther', 'WonderWoman', 'ToyStory3', 'BlackPanther', 'WonderWoman', 'ToyStory3', 'BlackPanther', 'WonderWoman', 'ToyStory3', 'BlackPanther', 'WonderWoman', 'ToyStory3', 'BlackPanther', 'WonderWoman', 'ToyStory3', 'BlackPanther', 'WonderWoman', 'ToyStory3', 'BlackPanther', 'WonderWoman', 'ToyStory3', 'BlackPanther', 'WonderWoman', 'ToyStory3', 'ToyStory3', 'Vaiana', 'BlackPanther', 'WonderWoman', 'ToyStory3', 'BlackPanther', 'WonderWoman', 'ToyStory3', 'BlackPanther', 'WonderWoman', 'ToyStory3', 'BlackPanther', 'WonderWoman', 'ToyStory3', 'BlackPanther', 'WonderWoman', 'ToyStory3', 'BlackPanther', 'WonderWoman', 'ToyStory3', 'BlackPanther', 'WonderWoman', 'ToyStory3', 'BlackPanther', 'WonderWoman', 'ToyStory3', 'BlackPanther', 'WonderWoman', 'ToyStory3', 'BlackPanther', 'WonderWoman', 'ToyStory3', 'BlackPanther', 'WonderWoman', 'ToyStory3', 'BlackPanther', 'WonderWoman', 'ToyStory3', 'BlackPanther', 'WonderWoman', 'ToyStory3', 'BlackPanther', 'WonderWoman', 'ToyStory3']",ToyStory3
"['الجيش_والشرطه_خير_جنود_الارض', '凄い', 'Furious7', '凄い', '凄い', 'Furious7', 'Furious7', 'Furious7', 'TheConjuring2', 'Furious7', 'Furious7', 'Furious7', 'Furious7', 'Furious7', 'Furious7', 'Furious7', 'Furious7', 'Furious7', '凄い', '凄い', 'Furious7', 'Furious7', 'RIPPaulWalker', '凄い', 'Furious7', 'FastFuriousRide']",Furious7
"['WorldWarZ', 'WalkingDead', 'BookofEli', 'WorldWarZ', 'zombie', 'free', 'TheWalkingDead', 'WorldWarZ', 'WorldWarZ', 'Game', 'SaberInteractive', 'Survival', 'WorldWarZ', 'Game', 'SaberInteractive', 'Survival', 'WorldWarZ', 'Game', 'SaberInteractive', 'Survival', 'WorldWarZ', 'Droghe', 'Tossic', 'Trailer', 'worldwarz', 'bradpitt', 'DaysGone', 'StateOfDecay2', 'TheWalkingDeadgame', 'WorldWarZ', 'DaysGone', 'StateOfDecay2', 'TheWalkingDeadgame', 'WorldWarZ', 'WorldWarZ', 'free', 'ebook', 'zombie', 'WorldWarZ', 'cdc', 'zika', 'ebola', 'patientzero', 'cdc', 'zika', 'ebola', 'WorldWarZ', 'WonderWoman', 'TheDayAfterTomorrow', 'SpiritedAway', 'PrincessMonoke', 'GuerraMundialZ', 'WorldWarZ', 'DaysGone', 'StateOfDecay2', 'TheWalkingDeadgame', 'WorldWarZ', 'DaysGone', 'StateOfDecay2', 'TheWalkingDeadgame', 'WorldWarZ', 'WalkingDead', 'BookofEli', 'WorldWarZ', 'zombie', 'free', 'DaysGone', 'StateOfDecay2', 'TheWalkingDeadgame', 'WorldWarZ', 'zombie', 'thriller', 'IAmLegend', 'WorldWarZ', 'zombie', 'thriller', 'IAmLegend', 'WorldWarZ', 'WorldWarZ']",WorldWarZ
"['원호', 'WONHO', '몬스타엑스', 'MONSTA_X', '0301WONHODAY', 'iHeartAwards', 'BestSoloBreakout', 'LouisTomlinson']",X-Men:DaysofFuturePast
"['Repost', 'HappyBirthday', '70MM', 'Film', 'StarTrekIntoDarkness', 'Repost', 'StarTrekIntoDarkness', 'startrek', 'startrekdiscovery', 'aftertrek', 'StarTrekTNG', 'StarTrekIntoDarkness', 'Trek', 'StarTrekIntoDarkness', 'StarTrekIntoDarkness', 'StarTrekIntoDarkness', 'FXM', 'FX', 'StarTrek', 'scifi', 'action', 'ChrisPine', 'WonderWoman', 'startrek', 'startrektos', 'startrektng', 'ds9', 'startrekvoyager', 'startrek', 'startrektos', 'startrektng', 'ds9', 'startrekvoyager', 'StarTrekIntoDarkness', 'startrek', 'startrektos', 'startrektng', 'ds9', 'startrekvoyager', 'startrek', 'startrektos', 'startrektng', 'ds9', 'startrekvoyager', 'startrek', 'startrektos', 'startrektng', 'ds9', 'startrekvoyager']",StarTrekIntoDarkness
"['TheGreatGatsby', 'TheGreatGatsby', 'GreatExpectations', 'TheGreatGatsby', 'TheGreatGatsby', 'PressNight', 'TheGreatGatsby', 'TheGreatGatsby', 'TheGreatGatsby', 'PressNight', 'TheGreatGatsby', 'GreatExpectations', 'thegreatgatsby', 'TheGreatGatsby', 'Daisy', 'extraordinary', 'nice', 'girl', 'thegreatgatsby', 'گتسبی_بزرگ', 'thegreatgatsby', 'TheGreatGatsby', 'GreatExpectations', 'TheGreatGatsby', 'TheGreatGatsby', 'PressNight', 'TheGreatGatsby', 'TheGreatGatsby', 'TheGreatGatsby', 'TheGreatGatsby', 'TheGreatGatsby', 'PressNight', 'TheGreatGatsby', 'PressNight', 'TheGreatGatsby', 'TheGreatGatsby', 'PressNight', 'TheGreatGatsby', 'PressNight', 'TheGreatGatsby', 'PressNight', 'TheGreatGatsby', 'PressNight', 'TheGreatGatsby', 'thegreatgatsby', 'TheGreatGatsby']",TheGreatGatsby
"['PacificRimUprising', 'PacificRimUprising', 'PacificRimUprising', 'PacificRimUprising', 'PacificRimUprising', 'bandai', 'PacificRimUprising', 'Pacificrim', 'PacificRimUprising', 'PacificRimUprising', 'PacificRim', 'JohnBoyega', 'PacificRimUprising', 'PacificRimUprising', 'PacificRimUprising', 'PacificRimUprising', 'PacificRimUprising', 'PacificRimUprising', 'PacificRimUprising', 'PacificRimUprising']",PacificRim
