id,title
19995,Avatar
285,Pirates of the Caribbean: At World's End
206647,Spectre
49026,The Dark Knight Rises
49529,John Carter
559,Spider-Man 3
38757,Tangled
99861,Avengers: Age of Ultron
767,Harry Potter and the Half-Blood Prince
209112,Batman v Superman: Dawn of Justice
1452,Superman Returns
10764,Quantum of Solace
58,Pirates of the Caribbean: Dead Man's Chest
57201,The Lone Ranger
49521,Man of Steel
2454,The Chronicles of Narnia: Prince Caspian
24428,The Avengers
1865,Pirates of the Caribbean: On Stranger Tides
41154,Men in Black 3
122917,The Hobbit: The Battle of the Five Armies
1930,The Amazing Spider-Man
20662,Robin Hood
57158,The Hobbit: The Desolation of Smaug
2268,The Golden Compass
254,King Kong
597,Titanic
271110,Captain America: Civil War
44833,Battleship
135397,Jurassic World
37724,Skyfall
558,Spider-Man 2
68721,Iron Man 3
12155,Alice in Wonderland
36668,X-Men: The Last Stand
62211,Monsters University
8373,Transformers: Revenge of the Fallen
91314,Transformers: Age of Extinction
68728,Oz: The Great and Powerful
102382,The Amazing Spider-Man 2
20526,TRON: Legacy
49013,Cars 2
44912,Green Lantern
10193,Toy Story 3
534,Terminator Salvation
168259,Furious 7
72190,World War Z
127585,X-Men: Days of Future Past
54138,Star Trek Into Darkness
81005,Jack the Giant Slayer
64682,The Great Gatsby
9543,Prince of Persia: The Sands of Time
68726,Pacific Rim
38356,Transformers: Dark of the Moon
217,Indiana Jones and the Kingdom of the Crystal Skull
105864,The Good Dinosaur
62177,Brave
188927,Star Trek Beyond
10681,WALLåáE
5174,Rush Hour 3
14161,2012
17979,A Christmas Carol
76757,Jupiter Ascending
258489,The Legend of Tarzan
411,"The Chronicles of Narnia: The Lion, the Witch and the Wardrobe"
246655,X-Men: Apocalypse
155,The Dark Knight
14160,Up
15512,Monsters vs Aliens
1726,Iron Man
44826,Hugo
8487,Wild Wild West
1735,The Mummy: Tomb of the Dragon Emperor
297761,Suicide Squad
2698,Evan Almighty
137113,Edge of Tomorrow
9804,Waterworld
14869,G.I. Joe: The Rise of Cobra
150540,Inside Out
278927,The Jungle Book
10138,Iron Man 2
58595,Snow White and the Huntsman
102651,Maleficent
119450,Dawn of the Planet of the Apes
79698,The Lovers
64686,47 Ronin
100402,Captain America: The Winter Soldier
10192,Shrek Forever After
158852,Tomorrowland
177572,Big Hero 6
82690,Wreck-It Ralph
5255,The Polar Express
47933,Independence Day: Resurgence
10191,How to Train Your Dragon
296,Terminator 3: Rise of the Machines
118340,Guardians of the Galaxy
157336,Interstellar
27205,Inception
315011,Shin Godzilla
49051,The Hobbit: An Unexpected Journey
9799,The Fast and the Furious
4922,The Curious Case of Benjamin Button
49538,X-Men: First Class
131634,The Hunger Games: Mockingjay - Part 2
27022,The Sorcerer's Apprentice
503,Poseidon
241259,Alice Through the Looking Glass
810,Shrek the Third
68735,Warcraft
87101,Terminator Genisys
10140,The Chronicles of Narnia: The Voyage of the Dawn Treader
676,Pearl Harbor
1858,Transformers
1966,Alexander
675,Harry Potter and the Order of the Phoenix
674,Harry Potter and the Goblet of Fire
8960,Hancock
6479,I Am Legend
118,Charlie and the Chocolate Factory
2062,Ratatouille
272,Batman Begins
10527,Madagascar: Escape 2 Africa
18360,Night at the Museum: Battle of the Smithsonian
2080,X-Men Origins: Wolverine
605,The Matrix Revolutions
109445,Frozen
604,The Matrix Reloaded
76338,Thor: The Dark World
76341,Mad Max: Fury Road
13448,Angels & Demons
10195,Thor
13053,Bolt
19585,G-Force
57165,Wrath of the Titans
62213,Dark Shadows
177677,Mission: Impossible - Rogue Nation
7978,The Wolfman
5559,Bee Movie
49444,Kung Fu Panda 2
10196,The Last Airbender
956,Mission: Impossible III
117251,White House Down
50321,Mars Needs Moms
11619,Flushed Away
266647,Pan
82703,Mr. Peabody & Sherman
652,Troy
80321,Madagascar 3: Europe's Most Wanted
36669,Die Another Day
43074,Ghostbusters
95,Armageddon
608,Men in Black II
2310,Beowulf
140300,Kung Fu Panda 3
56292,Mission: Impossible - Ghost Protocol
81188,Rise of the Guardians
7552,Fun with Dick and Jane
616,The Last Samurai
147441,Exodus: Gods and Kings
13475,Star Trek
557,Spider-Man
82702,How to Train Your Dragon 2
205584,Gods of Egypt
10048,Stealth
13183,Watchmen
944,Lethal Weapon 4
1927,Hulk
72559,G.I. Joe: Retaliation
7364,Sahara
2114,Final Fantasy: The Spirits Within
1771,Captain America: The First Avenger
36643,The World Is Not Enough
8619,Master and Commander: The Far Side of the World
50620,The Twilight Saga: Breaking Dawn - Part 2
65759,Happy Feet Two
1724,The Incredible Hulk
267935,The BFG
281957,The Revenant
77950,Turbo
44896,Rango
270946,Penguins of Madagascar
2503,The Bourne Ultimatum
9502,Kung Fu Panda
102899,Ant-Man
101299,The Hunger Games: Catching Fire
228161,Home
74,War of the Worlds
8961,Bad Boys II
417859,Puss in Boots
27576,Salt
86834,Noah
17578,The Adventures of Tintin
673,Harry Potter and the Prisoner of Azkaban
6972,Australia
82700,After Earth
10567,Dinosaur
181533,Night at the Museum: Secret of the Tomb
38055,Megamind
671,Harry Potter and the Philosopher's Stone
49524,R.I.P.D.
22,Pirates of the Caribbean: The Curse of the Black Pearl
131631,The Hunger Games: Mockingjay - Part 1
591,The Da Vinci Code
172385,Rio 2
36658,X2
51497,Fast Five
58574,Sherlock Holmes: A Game of Shadows
18823,Clash of the Titans
861,Total Recall
1911,The 13th Warrior
49040,The Bourne Legacy
415,Batman & Robin
8871,How the Grinch Stole Christmas
435,The Day After Tomorrow
955,Mission: Impossible II
2133,The Perfect Storm
1979,Fantastic 4: Rise of the Silver Surfer
87827,Life of Pi
1250,Ghost Rider
324668,Jason Bourne
9471,Charlie's Angels: Full Throttle
70981,Prometheus
10996,Stuart Little 2
68724,Elysium
2789,The Chronicles of Riddick
97020,RoboCop
7459,Speed Racer
42888,How Do You Know
37834,Knight and Day
75612,Oblivion
1895,Star Wars: Episode III - Revenge of the Sith
1894,Star Wars: Episode II - Attack of the Clones
585,"Monsters, Inc."
76170,The Wolverine
1893,Star Wars: Episode I - The Phantom Menace
49519,The Croods
2395,Asterix at the Olympic Games
12100,Windtalkers
290595,The Huntsman: Winter's War
98566,Teenage Mutant Ninja Turtles
49047,Gravity
9619,Dante's Peak
308531,Teenage Mutant Ninja Turtles: Out of the Shadows
166424,Fantastic Four
1593,Night at the Museum
254128,San Andreas
714,Tomorrow Never Dies
2024,The Patriot
163,Ocean's Twelve
787,Mr. & Mrs. Smith
262500,Insurgent
2567,The Aviator
38745,Gulliver's Travels
40805,The Green Hornet
53182,300: Rise of an Empire
41513,The Smurfs
13700,Home on the Range
262504,Allegiant
39254,Real Steel
77931,The Smurfs 2
1639,Speed 2: Cruise Control
80274,Ender's Game
1571,Live Free or Die Hard
120,The Lord of the Rings: The Fellowship of the Ring
10204,Around the World in 80 Days
8489,Ali
2048,"I, Robot"
1495,Kingdom of Heaven
10137,Stuart Little
10198,The Princess and the Frog
286217,The Martian
1635,The Island
24113,Town & Country
9679,Gone in Sixty Seconds
98,Gladiator
180,Minority Report
672,Harry Potter and the Chamber of Secrets
36557,Casino Royale
869,Planet of the Apes
280,Terminator 2: Judgment Day
11322,Public Enemies
4982,American Gangster
36955,True Lies
18487,The Taking of Pelham 1 2 3
39451,Little Fockers
27581,The Other Guys
9268,Eraser
68718,Django Unchained
10545,The Hunchback of Notre Dame
11688,The Emperor's New Groove
76163,The Expendables 2
2059,National Treasure
2486,Eragon
16523,Where the Wild Things Are
116711,Epic
37710,The Tourist
9946,End of Days
1372,Blood Diamond
106646,The Wolf of Wall Street
414,Batman Forever
563,Starship Troopers
83542,Cloud Atlas
41216,Legend of the Guardians: The Owls of Ga'Hoole
314,Catwoman
184315,Hercules
9016,Treasure Planet
18162,Land of the Lost
138103,The Expendables 3
257088,Point Break
10214,Son of the Mask
205775,In the Heart of the Sea
11692,The Adventures of Pluto Nash
22972,Green Zone
227973,The Peanuts Movie
29193,The Spanish Prisoner
1734,The Mummy Returns
3131,Gangs of New York
76758,The Flowers of War
9408,Surf's Up
9890,The Stepford Wives
855,Black Hawk Down
18,The Fifth Element
37786,Sex and the City 2
10501,The Road to El Dorado
57800,Ice Age: Continental Drift
150689,Cinderella
7980,The Lovely Bones
12,Finding Nemo
122,The Lord of the Rings: The Return of the King
121,The Lord of the Rings: The Two Towers
68737,Seventh Son
1995,Lara Croft: Tomb Raider
157353,Transcendence
331,Jurassic Park III
61791,Rise of the Planet of the Apes
8204,The Spiderwick Chronicles
47964,A Good Day to Die Hard
10733,The Alamo
9806,The Incredibles
1408,Cutthroat Island
32657,Percy Jackson & the Olympians: The Lightning Thief
607,Men in Black
863,Toy Story 2
44048,Unstoppable
5175,Rush Hour 2
2655,What Lies Beneath
22794,Cloudy with a Chance of Meatballs
8355,Ice Age: Dawn of the Dinosaurs
116745,The Secret Life of Walter Mitty
4327,Charlie's Angels
1422,The Departed
10674,Mulan
7446,Tropic Thunder
65754,The Girl with the Dragon Tattoo
1572,Die Hard: With a Vengeance
10528,Sherlock Holmes
271969,Ben-Hur
10865,Atlantis: The Lost Empire
2253,Valkyrie
10661,You Don't Mess with the Zohan
257344,Pixels
644,A.I. Artificial Intelligence
10756,The Haunted Mansion
686,Contact
9383,Hollow Man
179,The Interpreter
76285,Percy Jackson: Sea of Monsters
1996,Lara Croft Tomb Raider: The Cradle of Life
291805,Now You See Me 2
10003,The Saint
1535,Spy Game
2067,Mission to Mars
46195,Rio
2277,Bicentennial Man
10357,Volcano
4477,The Devil's Own
8665,K-19: The Widowmaker
9387,Conan the Barbarian
921,Cinderella Man
49852,The Nutcracker: The Untold Story
4464,Seabiscuit
664,Twister
8358,Cast Away
9836,Happy Feet
2502,The Bourne Supremacy
9772,Air Force One
161,Ocean's Eleven
52451,The Three Musketeers
76492,Hotel Transylvania
4523,Enchanted
59961,Safe House
10481,102 Dalmatians
59108,Tower Heist
1581,The Holiday
9798,Enemy of the State
22897,It's Complicated
298,Ocean's Thirteen
7484,Open Season
157350,Divergent
853,Enemy at the Gates
10159,The Rundown
9593,Last Action Hero
1904,Memoirs of a Geisha
9615,The Fast and the Furious: Tokyo Drift
297,Meet Joe Black
9884,Collateral Damage
62764,Mirror Mirror
22538,Scott Pilgrim vs. the World
9341,The Core
12107,Nutty Professor II: The Klumps
9637,Scooby-Doo
49049,Dredd
9339,Click
16281,Creepshow
39691,Cats & Dogs 2 : The Revenge of Kitty Galore
8247,Jumper
11253,Hellboy II: The Golden Army
1949,Zodiac
8452,The 6th Day
310,Bruce Almighty
27578,The Expendables
954,Mission: Impossible
70160,The Hunger Games
45243,The Hangover Part II
364,Batman Returns
7518,Over the Hedge
11544,Lilo & Stitch
9986,Charlotte's Web
8656,Deep Impact
146216,RED 2
9291,The Longest Yard
55301,Alvin and the Chipmunks: Chipwrecked
109418,Grown Ups 2
11665,Get Smart
6964,Something's Gotta Give
11324,Shutter Island
12193,Four Christmases
9928,Robots
754,Face/Off
10202,Bedtime Stories
4147,Road to Perdition
50546,Just Go with It
1701,Con Air
13027,Eagle Eye
2289,Cold Mountain
20504,The Book of Eli
9574,Flubber
11618,The Haunting
2300,Space Jam
10200,The Day the Earth Stood Still
8834,Conspiracy Theory
228150,Fury
6068,Six Days Seven Nights
41515,Yogi Bear
9023,Spirit: Stallion of the Cimarron
38317,Zookeeper
2157,Lost in Space
14462,The Manchurian Candidate
159824,Hotel Transylvania 2
49948,Fantasia 2000
2135,The Time Machine
9822,Mighty Joe Young
9705,Swordfish
1656,The Legend of Zorro
12159,What Dreams May Come
9678,Little Nicky
4442,The Brothers Grimm
75,Mars Attacks!
19959,Surrogates
11973,Thirteen Days
11228,Daylight
77951,Walking With Dinosaurs
5491,Battlefield Earth
10715,Looney Tunes: Back in Action
10197,Nine
9562,Timeline
9922,The Postman
9447,Babe: Pig in the City
274854,The Last Witch Hunter
8870,Red Planet
9992,Arthur and the Invisibles
10077,A Sound of Thunder
76649,Pompeii
293644,Top Cat Begins
453,A Beautiful Mind
8587,The Lion King
72545,Journey 2: The Mysterious Island
109451,Cloudy with a Chance of Meatballs 2
9533,Red Dragon
2023,Hidalgo
71880,Jack and Jill
584,2 Fast 2 Furious
309809,The Little Prince
4858,The Invasion
17711,The Adventures of Rocky & Bullwinkle
328111,The Secret Life of Pets
8698,The League of Extraordinary Gentlemen
93456,Despicable Me 2
602,Independence Day
330,The Lost World: Jurassic Park
953,Madagascar
9693,Children of Men
36657,X-Men
8909,Wanted
9802,The Rock
950,Ice Age: The Meltdown
1824,50 First Dates
2976,Hairspray
11026,Exorcist: The Beginning
332,Inspector Gadget
75656,Now You See Me
38365,Grown Ups
594,The Terminal
15189,Hotel for Dogs
11678,Vertical Limit
6538,Charlie Wilson's War
10555,Shark Tale
1125,Dreamgirls
4551,Be Cool
612,Munich
9567,Tears of the Sun
37821,Killers
203801,The Man from U.N.C.L.E.
2539,Spanglish
9297,Monster House
3172,Bandits
6520,First Knight
1439,Anna and the King
37958,Immortals
2026,Hostage
7450,Titan A.E.
11375,Hollywood Homicide
9425,Soldier
23685,Monkeybone
11866,Flight of the Phoenix
9741,Unbreakable
211672,Minions
23629,Sucker Punch
8688,Snake Eyes
10153,Sphere
153518,The Angry Birds Movie
8676,Fool's Gold
20829,Funny People
4349,The Kingdom
9718,Talladega Nights: The Ballad of Ricky Bobby
10808,Dr. Dolittle 2
197,Braveheart
25,Jarhead
35,The Simpsons Movie
11086,The Majestic
10477,Driven
1997,Two Brothers
6947,The Village
3050,Doctor Dolittle
2675,Signs
809,Shrek 2
920,Cars
4806,Runaway Bride
7451,xXx
228165,The SpongeBob Movie: Sponge Out of Water
3595,Ransom
16869,Inglourious Basterds
879,Hook
1573,Die Hard 2
9257,S.W.A.T.
1903,Vanilla Sky
9697,Lady in the Water
395,AVP: Alien vs. Predator
23398,Alvin and the Chipmunks: The Squeakquel
10590,We Were Soldiers
117263,Olympus Has Fallen
200,Star Trek: Insurrection
44943,Battle: Los Angeles
587,Big Fish
57212,War Horse
152760,The Monuments Men
2756,The Abyss
33909,Wall Street: Money Never Sleeps
49017,Dracula Untold
9882,The Siege
2270,Stardust
978,Seven Years in Tibet
44564,The Dilemma
3132,Bad Company
8814,Doom
8427,I Spy
52520,Underworld: Awakening
80585,Rock of Ages
10592,Hart's War
49021,Killer Elite
10550,Ballistic: Ecks vs. Sever
11258,Hard Rain
12610,Osmosis Jones
59981,Legends of Oz: Dorothy's Return
201088,Blackhat
5137,Sky Captain and the World of Tomorrow
3093,Basic Instinct 2
107846,Escape Plan
188207,The Legend of Hercules
4614,The Sum of All Fears
24021,The Twilight Saga: Eclipse
11371,The Score
20352,Despicable Me
11517,Money Train
214756,Ted 2
26428,Agora
9824,Mystery Men
48988,Hall Pass
9008,The Insider
300673,The Finest Hours
12113,Body of Lies
38778,Dinner for Schmucks
72331,Abraham Lincoln: Vampire Hunter
1844,Entrapment
846,The X Files
9703,The Last Legion
857,Saving Private Ryan
136797,Need for Speed
3981,What Women Want
425,Ice Age
6171,Dreamcatcher
72976,Lincoln
603,The Matrix
568,Apollo 13
9021,The Santa Clause 2
82695,Les MisÌ©rables
9489,You've Got Mail
12133,Step Brothers
9342,The Mask of Zorro
41733,Due Date
227306,Unbroken
5551,Space Cowboys
9350,Cliffhanger
9208,Broken Arrow
4244,The Kid
1852,World Trade Center
11820,Mona Lisa Smile
76493,The Dictator
345,Eyes Wide Shut
196867,Annie
256591,Focus
59962,This Means War
36648,Blade: Trinity
1880,Red Dawn
9440,Primary Colors
71679,Resident Evil: Retribution
10483,Death Race
11412,The Long Kiss Goodnight
11983,Proof of Life
6795,Zathura: A Space Adventure
550,Fight Club
11170,We Are Marshall
9292,Hudson Hawk
10783,Lucky Numbers
100241,"I, Frankenstein"
257,Oliver Twist
9947,Elektra
189,Sin City: A Dame to Kill For
12618,Random Hearts
253412,Everest
1427,Perfume: The Story of a Murderer
818,Austin Powers in Goldmember
16577,Astro Boy
329,Jurassic Park
12160,Wyatt Earp
9331,Clear and Present Danger
300168,Dragon Blade
9072,Little Man
3536,U-571
9087,The American President
12177,The Love Guru
12138,3000 Miles to Graceland
273248,The Hateful Eight
9955,Blades of Glory
50359,Hop
1271,300
693,Meet the Fockers
14306,Marley & Me
497,The Green Mile
9982,Chicken Little
210577,Gone Girl
2501,The Bourne Identity
710,GoldenEye
2275,The General's Daughter
37165,The Truman Show
9837,The Prince of Egypt
10708,Daddy Day Care
136400,2 Guns
10992,Cats & Dogs
9654,The Italian Job
2642,Two Weeks Notice
8916,Antz
19899,Couples Retreat
2119,Days of Thunder
9641,Cheaper by the Dozen 2
294254,Maze Runner: The Scorch Trials
38167,Eat Pray Love
5994,The Family Man
39514,RED
9563,Any Given Sunday
547,The Horse Whisperer
1538,Collateral
9334,The Scorpion King
11128,Ladder 49
75780,Jack Reacher
8914,Deep Blue Sea
13576,This Is It
39538,Contagion
14836,Coraline
8645,The Happening
9509,Man on Fire
10067,The Shaggy Dog
9384,Starsky & Hutch
9279,Jingle All the Way
1487,Hellboy
9422,A Civil Action
77174,ParaNorman
4824,The Jackal
9620,Paycheck
9302,Up Close & Personal
10199,The Tale of Despereaux
3512,Under Siege 2: Dark Territory
137094,Jack Ryan: Shadow Recruit
274479,Joy
267860,London Has Fallen
8078,Alien: Resurrection
7485,Shooter
170687,The Boxtrolls
6435,Practical Magic
137106,The Lego Movie
6278,Reign of Fire
82682,Gangster Squad
17610,Year One
22954,Invictus
16995,State of Play
16558,Duplicity
9849,My Favorite Martian
5820,The Sentinel
16866,Planet 51
201,Star Trek: Nemesis
11775,Intolerable Cruelty
12201,Edge of Darkness
11015,The Relic
9932,Analyze That
13389,Righteous Kill
8838,Mercury Rising
17332,The Soloist
4958,The Legend of Bagger Vance
786,Almost Famous
11679,xXx: State of the Union
38321,Priest
14411,Sinbad: Legend of the Seven Seas
8413,Event Horizon
10052,Dragonfly
9676,The Black Dahlia
9664,Flyboys
2100,The Last Castle
10384,Supernova
137321,Winter's Tale
123553,The Mortal Instruments: City of Bones
11260,Meet Dave
9009,Dark Water
11374,Edtv
2309,Inkheart
8285,The Spirit
210860,Mortdecai
2312,In the Name of the King: A Dungeon Siege Tale
9839,Beyond Borders
381902,The Monkey King 2
13922,The Great Raid
293660,Deadpool
9713,Holy Man
190859,American Sniper
257445,Goosebumps
9007,Just Like Heaven
889,The Flintstones in Viva Rock Vegas
1370,Rambo III
4942,Leatherheads
347969,The Ridiculous 6
24438,Did You Hear About the Morgans?
116741,The Internship
35791,Resident Evil: Afterlife
72431,Red Tails
1813,The Devil's Advocate
87428,That's My Boy
8840,DragonHeart
10589,After the Sunset
71676,Ghost Rider: Spirit of Vengeance
1722,Captain Corelli's Mandolin
10022,The Pacifier
11358,Walking Tall
13,Forrest Gump
6477,Alvin and the Chipmunks
1597,Meet the Parents
10530,Pocahontas
1924,Superman
9327,The Nutty Professor
8488,Hitch
10603,George of the Jungle
8273,American Wedding
109424,Captain Phillips
35056,Date Night
8839,Casper
156022,The Equalizer
7303,Maid in Manhattan
8963,Crimson Tide
1402,The Pursuit of Happyness
9315,Flightplan
8984,Disclosure
795,City of Angels
24,Kill Bill: Vol. 1
11353,Bowfinger
393,Kill Bill: Vol. 2
9618,Tango & Cash
9374,Death Becomes Her
8584,Shanghai Noon
2320,Executive Decision
58224,Mr. Popper's Penguins
1729,The Forbidden Kingdom
175574,Free Birds
8077,Alienå_
8818,Evita
8195,Ronin
10586,The Ghost and the Darkness
116149,Paddington
80035,The Watch
10632,The Hunted
12117,Instinct
1792,Stuck on You
72197,The Pirates! In an Adventure with Scientists!
3580,Changeling
12123,Chain Reaction
9566,The Fan
9833,The Phantom of the Opera
4517,Elizabeth: The Golden Age
8202,Ì on Flux
16072,Gods and Generals
34314,Turbulence
19724,Imagine That
145220,Muppets Most Wanted
14623,Thunderbirds
42297,Burlesque
2841,A Very Long Engagement
802,Lolita
10375,D-Tox
36586,Blade II
11321,Seven Pounds
70074,Bullet to the Head
242,The Godfather: Part III
9621,Elizabethtown
1819,"You, Me and Dupree"
8536,Superman II
8046,Gigli
1717,All the King's Men
479,Shaft
9444,Anastasia
824,Moulin Rouge!
11456,Domestic Disturbance
261023,Black Mass
3683,Flags of Our Fathers
22803,Law Abiding Citizen
285923,Grindhouse
640,Catch Me If You Can
97630,Zero Dark Thirty
9767,The Break-Up
11631,Mamma Mia!
32856,Valentine's Day
6519,The Dukes of Hazzard
8741,The Thin Red Line
49520,The Change-Up
1850,Man on the Moon
524,Casino
26389,From Paris with Love
11817,Bulletproof Monk
2123,"Me, Myself & Irene"
9907,Barnyard
18239,The Twilight Saga: New Moon
808,Shrek
38050,The Adjustment Bureau
8367,Robin Hood: Prince of Thieves
9390,Jerry Maguire
72105,Ted
2898,As Good as It Gets
10312,Patch Adams
109443,Anchorman 2: The Legend Continues
2022,Mr. Deeds
37686,Super 8
462,Erin Brockovich
9919,How to Lose a Guy in 10 Days
187017,22 Jump Street
628,Interview with the Vampire
10201,Yes Man
302699,Central Intelligence
274167,Daddy's Home
224141,Into the Woods
388,Inside Man
2112,Payback
10329,Congo
74465,We Bought a Zoo
13811,Knowing
6877,Failure to Launch
10320,The Ring Two
50646,"Crazy, Stupid, Love."
8920,Garfield
13673,Christmas with the Kranks
60308,Moneyball
6950,Outbreak
225574,Non-Stop
13836,Race to Witch Mountain
752,V for Vendetta
6038,Shanghai Knights
9975,Curious George
11451,Herbie Fully Loaded
12103,Don't Say a Word
60304,Hansel & Gretel: Witch Hunters
2251,Unfaithful
46529,I Am Number Four
231,Syriana
300671,13 Hours: The Secret Soldiers of Benghazi
228326,The Book of Life
9754,Firewall
66,Absolute Power
4421,G.I. Jane
2649,The Game
588,Silent Hill
71552,American Reunion
9631,The Negotiator
216282,Into the Storm
306,Beverly Hills Cop III
928,Gremlins 2: The New Batch
205587,The Judge
6623,The Peacemaker
1577,Resident Evil: Apocalypse
9801,Bridget Jones: The Edge of Reason
2116,Out of Time
9624,On Deadly Ground
14199,The Adventures of Sharkboy and Lavagirl
1907,The Beach
4599,Raising Helen
22832,Ninja Assassin
10390,For Love of the Game
9879,Striptease
38579,Marmaduke
44603,Hereafter
11892,Murder by Numbers
9691,Assassins
1248,Hannibal Rising
12220,The Story of Us
72710,The Host
10782,Basic
9573,Blood Work
4959,The International
10061,Escape from L.A.
10386,The Iron Giant
421,The Life Aquatic with Steve Zissou
316152,Free State of Jones
11615,The Life of David Gale
13498,Man of the House
241554,Run All Night
2252,Eastern Promises
11968,Into the Blue
10047,The Messenger: The Story of Joan of Arc
38319,Your Highness
69668,Dream House
9770,Mad City
11212,Baby's Day Out
10533,The Scarlet Letter
38363,Fair Game
9923,Domino
11863,Jade
18501,Gamer
109491,Beautiful Creatures
9275,Death to Smoochy
329833,Zoolander 2
12634,The Big Bounce
10416,What Planet Are You From?
47327,Drive Angry
15268,Street Fighter: The Legend of Chun-Li
10796,The One
9548,The Adventures of Ford Fairlane
18947,The Boat That Rocked
1900,Traffic
89,Indiana Jones and the Last Crusade
198184,Chappie
9481,The Bone Collector
4547,Panic Room
6415,Three Kings
181283,Child 44
9896,Rat Race
167,K-PAX
1636,Bedazzled
2148,The Cotton Club
5176,3:10 to Yuma
260346,Taken 3
1389,Out of Sight
9894,The Cable Guy
8592,Dick Tracy
913,The Thomas Crown Affair
11091,Riding in Cars with Boys
1368,First Blood
5393,Happily N'Ever After
9095,Mary Reilly
8874,My Best Friend's Wedding
320,Insomnia
199,Star Trek: First Contact
20533,Jonah Hex
10684,Courage Under Fire
1624,Liar Liar
325789,The Infiltrator
113464,Inchon
888,The Flintstones
82675,Taken 2
4256,Scary Movie 3
1493,Miss Congeniality
88751,Journey to the Center of the Earth
11130,The Princess Diaries 2: Royal Engagement
9944,The Pelican Brief
10731,The Client
7350,The Bucket List
9869,Patriot Games
4379,Monster-in-Law
146233,Prisoners
2034,Training Day
926,Galaxy Quest
4248,Scary Movie 2
64328,The Muppets
36647,Blade
7214,Coach Carter
1537,Changing Lanes
9360,Anaconda
6282,Coyote Ugly
508,Love Actually
9487,A Bug's Life
768,From Hell
2636,The Specialist
10478,Tin Cup
9981,Kicking & Screaming
7453,The Hitchhiker's Guide to the Galaxy
7737,Resident Evil: Extinction
232672,Blended
17379,Last Holiday
8987,The River Wild
11359,The Indian in the Cupboard
82525,Savages
9759,Cellular
9486,Johnny English
9906,The Ant Bully
841,Dune
4148,Revolutionary Road
2207,16 Blocks
9381,Babylon A.D.
9625,The Glimmer Man
9304,Multiplicity
20856,Aliens in the Attic
5955,The Pledge
9899,The Producers
9826,The Phantom
21355,All the Pretty Horses
10858,Nixon
11439,The Ghost Writer
9457,Deep Rising
12412,Miracle at St. Anna
1494,Curse of the Golden Flower
13184,Bangkok Dangerous
2185,Big Trouble
6639,Love in the Time of Cholera
38153,Shadow Conspiracy
58233,Johnny English Reborn
116977,Foodfight!
68734,Argo
5503,The Fugitive
27573,The Bounty Hunter
819,Sleepers
1369,Rambo: First Blood Part II
9623,The Juror
10895,Pinocchio
10935,Heaven's Gate
834,Underworld: Evolution
228066,Victor Frankenstein
711,Finding Forrester
10468,28 Days
10027,Unleashed
11812,The Sweetest Thing
37233,The Firm
37950,Charlie St. Cloud
27582,The Mechanic
64688,21 Jump Street
509,Notting Hill
7443,Chicken Run
5966,Along Came Polly
11066,Boomerang
136795,The Heat
8095,Cleopatra
11560,High Crimes
25189,The Mirror Has Two Faces
2637,The Mothman Prophecies
18480,BrÌ_no
709,Licence to Kill
49730,Red Riding Hood
2749,15 Minutes
9607,Super Mario Bros.
1830,Lord of War
79,Hero
54054,One for the Money
228967,The Interview
46528,The Warrior's Way
27936,Micmacs
65,8 Mile
9476,A Knight's Tale
10610,The Medallion
745,The Sixth Sense
49527,Man on a Ledge
73937,The Big Year
1885,The Karate Kid
168672,American Hustle
18240,The Proposal
10398,Double Jeopardy
165,Back to the Future Part II
240832,Lucy
216015,Fifty Shades of Grey
12279,Spy Kids 3-D: Game Over
1645,A Time to Kill
11007,Cheaper by the Dozen
193756,Lone Survivor
11287,A League of Their Own
259693,The Conjuring 2
37799,The Social Network
10184,He's Just Not That Into You
4257,Scary Movie 4
4234,Scream 3
196,Back to the Future Part III
257091,Get Hard
6114,Dracula
24803,Julie & Julia
109410,42
1213,The Talented Mr. Ripley
100042,Dumb and Dumber To
9036,Eight Below
257211,The Intern
323675,Ride Along 2
9361,The Last of the Mohicans
1677,Ray
187,Sin City
7461,Vantage Point
16538,"I Love You, Man"
9889,Shallow Hal
820,JFK
11565,Big Momma's House 2
6073,The Mexican
16996,17 Again
193610,The Other Woman
19912,The Final Destination
296098,Bridge of Spies
8007,Behind Enemy Lines
32823,Get Him to the Greek
4380,Shall We Dance?
11551,Small Soldiers
10336,Spawn
11362,The Count of Monte Cristo
50348,The Lincoln Lawyer
48138,Unknown
1124,The Prestige
227159,Horrible Bosses 2
68179,Escape from Planet Earth
1579,Apocalypto
708,The Living Daylights
34851,Predators
1586,Secret Window
2044,The Lake House
9913,The Skeleton Key
10761,Made of Honor
209451,Jersey Boys
11975,The Rainmaker
4970,Gothika
11831,Amistad
9096,Medicine Man
440,Aliens vs Predator: Requiem
11011,Riå¢hie Riå¢h
10641,Autumn in New York
11172,Music and Lyrics
39513,Paul
82687,The Guilt Trip
41446,Scream 4
8224,8MM
10537,The Doors
225886,Sex Tape
10385,Hanging Up
55779,Final Destination 5
10647,Pay It Forward
11431,Fever Pitch
8457,Drillbit Taylor
8850,The Shadow
64685,Extremely Loud & Incredibly Close
38357,Morning Glory
10060,Get Rich or Die Tryin'
11398,The Art of War
1833,Rent
10391,Bless the Child
8970,The Out-of-Towners
9306,The Island of Dr. Moreau
11370,The Musketeer
12184,The Other Boleyn Girl
1921,Sweet November
1683,The Reaping
203,Mean Streets
11858,Renaissance Man
62835,Colombiana
18937,Quest for Camelot
13536,City By The Sea
10718,Torque
10802,Showgirls
1887,Marie Antoinette
6071,Kiss of Death
10461,Get Carter
80278,The Impossible
12704,Ishtar
10315,Fantastic Mr. Fox
16643,Life or Something Like It
2687,Memoirs of an Invisible Man
194,AmÌ©lie
8849,Alfie
78698,Big Miracle
30943,The Deep End of the Ocean
9544,FearDotCom
24418,Cirque du Freak: The Vampire's Assistant
7288,Duplex
10366,Universal Soldier: The Return
19898,Pandorum
4965,Impostor
15074,Extreme Ops
1272,Sunshine
72358,A Thousand Words
20542,Delgo
266396,The Gunman
9978,Stormbreaker
8271,Disturbia
10428,Hackers
11934,The Hudsucker Proxy
14392,The Warlords
19495,Nomad: The Warrior
110415,Snowpiercer
77459,A Monster in Paris
9495,The Crow
256040,Baahubali: The Beginning
24420,The Time Traveler's Wife
62214,Frankenweenie
16320,Serenity
8842,Against the Ropes
9531,Superman III
64807,Grudge Match
12289,Red Cliff
11529,Sweet Home Alabama
20943,The Ugly Truth
9488,Spy Kids 2: The Island of Lost Dreams
193,Star Trek: Generations
44865,The Grandmaster
55787,Water for Elephants
257932,Dragon Nest: Warriors' Dawn
10400,The Hurricane
1957,Enough
10833,Heartbreakers
256961,Paul Blart: Mall Cop 2
5852,Angel Eyes
12312,Joe Somebody
622,The Ninth Gate
11306,Extreme Measures
12508,Rock Star
25793,Precious
10534,White Squall
1091,The Thing
87421,Riddick
10871,Switchback
13600,City of Ember
68722,The Master
14324,Virgin Territory
14325,The Express
299687,The 5th Wave
312221,Creed
23168,The Town
76494,What to Expect When You're Expecting
4944,Burn After Reading
10488,Nim's Island
96721,Rush
334,Magnolia
23742,Cop Out
259694,How to Be Single
62837,Dolphin Tale
8966,Twilight
8470,John Q
11001,Blue Streak
138832,We're the Millers
16911,The Inhabited Island
2163,Breakdown
36670,Never Say Never Again
23048,Hot Tub Time Machine
227735,Dolphin Tale 2
2155,Reindeer Games
8409,A Man Apart
222936,Aloha
48171,The Rite
782,Gattaca
75531,Isn't She Great
11802,Space Chimps
18785,The Hangover
365222,Ip Man 3
817,Austin Powers: The Spy Who Shagged Me
268,Batman
943,Lethal Weapon 3
22881,The Blind Side
10054,Spy Kids
51540,Horrible Bosses
44264,True Grit
350,The Devil Wears Prada
152,Star Trek: The Motion Picture
109431,Identity Thief
1598,Cape Fear
8065,21
271718,Trainwreck
11638,Guess Who
409,The English Patient
2118,L.A. Confidential
11459,Sky High
10806,In & Out
9348,Species
377,A Nightmare on Elm Street
8843,The Cell
39486,Secretariat
1273,TMNT
13920,Radio
50544,Friends with Benefits
325133,Neighbors 2: Sorority Rising
140823,Saving Mr. Banks
1883,Malcolm X
89492,This Is 40
22949,Old Dogs
12437,Underworld: Rise of the Lycans
2959,License to Wed
11648,Must Love Dogs
9366,Donnie Brasco
1576,Resident Evil
609,Poltergeist
13051,Max Payne
49530,In Time
34806,The Back-Up Plan
49022,Something Borrowed
23479,The Bad News Bears
11667,Street Fighter
423,The Pianist
2447,The Nativity Story
10066,House of Wax
2288,Closer
88794,J. Edgar
13515,Mirrors
11979,Queen of the Damned
169,Predator 2
8090,Untraceable
11622,Blast from the Past
3604,Flash Gordon
9541,Jersey Girl
94348,Alex Cross
8197,Midnight in the Garden of Good and Evil
336004,Heist
35019,Nanny McPhee and the Big Bang
10410,Hoffa
8836,The X Files: I Want to Believe
14442,Ella Enchanted
321741,Concussion
59965,Abduction
14175,Valiant
11004,Wonder Boys
11918,Superhero Movie
98357,Broken City
10012,Cursed
49526,Premium Rush
268920,Hot Pursuit
9093,The Four Feathers
119283,Parker
11823,Wimbledon
35169,Furry Vengeance
118957,Bait
849,Krull
4515,Lions for Lambs
18886,Flight of the Intruder
6575,Walk Hard: The Dewey Cox Story
13496,American Outlaws
18320,The Young Victoria
22787,Whiteout
8967,The Tree of Life
37498,Knock Off
144336,Sabotage
9616,The Order
13056,Punisher: War Zone
14113,Zoom
285783,The Walk
9726,A Good Year
20763,Radio Flyer
9702,Bound by Honor
9311,Smilla's Sense of Snow
9280,Femme Fatale
26843,Lion of the Desert
11876,The Horseman on the Roof
22267,Ride with the Devil
1969,Bandidas
198663,The Maze Runner
239573,Unfinished Business
10436,The Age of Innocence
1381,The Fountain
2162,Chill Factor
127493,Stolen
12429,Ponyo
228205,The Longest Ride
2900,The Astronaut's Wife
21311,I Dreamed of Africa
77875,Playing for Keeps
192136,Mandela: Long Walk to Freedom
18254,Reds
881,A Few Good Men
10877,Exit Wounds
9600,Big Momma's House
202575,Thunder and the House of Magic
71469,The Darkest Hour
85446,Step Up Revolution
326,Snakes on a Plane
10685,The Watcher
7220,The Punisher
9763,Goal!: The Dream Begins
72387,Safe
12596,Pushing Tin
1892,Return of the Jedi
13460,Doomsday
8055,The Reader
50647,Wanderlust
10719,Elf
9294,Phenomenon
11888,Snow Dogs
9353,Nacho Libre
55721,Bridesmaids
109414,This Is the End
10307,Stigmata
11978,Men of Honor
22907,Takers
87567,The Big Wedding
38322,"Big Mommas: Like Father, Like Son"
45612,Source Code
7305,Alive
3594,The Number 23
157841,The Young and Prodigious T.S. Spivet
11519,1941
59,A History of Violence
9335,Transporter 2
12106,The Quick and the Dead
11141,Laws of Attraction
8649,Bringing Out the Dead
31867,Repo Men
10253,Dragon Wars: D-War
3587,Bogus
124459,The Incredible Burt Wonderstone
24662,Cats Don't Dance
182,The Good German
5494,George and the Dragon
28,Apocalypse Now
38073,Going the Distance
302156,Criminal
606,Out of Africa
87502,Flight
698,Moonraker
120467,The Grand Budapest Hotel
11313,Hearts in Atlantis
6488,Arachnophobia
10559,Frequency
296099,Vacation
8012,Get Shorty
1574,Chicago
9032,Big Daddy
2770,American Pie 2
862,Toy Story
1637,Speed
72570,The Vow
27569,Extraordinary Measures
10637,Remember the Titans
1669,The Hunt for Red October
132363,The Butler
9472,DodgeBall: A True Underdog Story
2907,The Addams Family
9273,Ace Ventura: When Nature Calls
9880,The Princess Diaries
2925,The First Wives Club
807,Se7en
17654,District 9
11836,The SpongeBob SquarePants Movie
322,Mystic River
70,Million Dollar Baby
9535,Analyze This
11036,The Notebook
6557,27 Dresses
18126,Hannah Montana: The Movie
16340,Rugrats in Paris: The Movie
10333,The Prince of Tides
4476,Legends of the Fall
22947,Up in the Air
2755,About Schmidt
82654,Warm Bodies
59967,Looper
9598,Babe
82696,Hope Springs
9870,Forgetting Sarah Marshall
8292,Four Brothers
8780,Baby Mama
10521,Bride Wars
10762,Without a Paddle
10096,13 Going on 30
59436,Midnight in Paris
4133,Blow
10207,Message in a Bottle
172,Star Trek V: The Final Frontier
21972,Like Mike
36593,The Naked Gun 33ÉÒ: The Final Insult
707,A View to a Kill
533,The Curse of the Were-Rabbit
6023,P.S. I Love You
6439,Racing Stripes
4347,Atonement
37056,Letters to Juliet
4105,Black Rain
76489,The Three Stooges
3933,Corpse Bride
273481,Sicario
307081,Southpaw
16871,Drag Me to Hell
293863,The Age of Adaline
41233,Step Up 3D
9266,Blue Crush
1262,Stranger Than Fiction
4513,30 Days of Night
22970,The Cabin in the Woods
7278,Meet the Spartans
9013,Midnight Run
865,The Running Man
10776,Little Shop of Horrors
50456,Hanna
9823,Mortal Kombat: Annihilation
59861,Larry Crowne
133805,Carrie
12763,Take the Lead
9766,Gridiron Gang
14034,What's the Worst That Could Happen?
12244,9
109421,Side Effects
51162,Winnie the Pooh
10152,Dumb and Dumberer: When Harry Met Lloyd
9452,Bulworth
9271,Virtuosity
184346,Deliver Us from Evil
48340,Sanctum
14846,Little Black Book
72207,The Five-Year Engagement
16232,Mr. 3000
43539,The Next Three Days
9920,Ultraviolet
8978,Assault on Precinct 13
11702,The Replacement Killers
18550,Fled
43347,Love & Other Drugs
3489,88 Minutes
9701,North Country
2122,The Whole Ten Yards
37707,Splice
10658,Howard the Duck
13150,Pride and Glory
9042,The Cave
17813,Alex & Emma
11208,Wicker Park
58151,Fright Night
11400,The New World
10350,Wing Commander
14164,Dragonball Evolution
76640,The Last Stand
11058,Godsend
14844,Chasing Liberty
57089,Hoodwinked Too! Hood VS. Evil
1947,An Unfinished Life
8054,The Imaginarium of Doctor Parnassus
46829,Barney's Version
146238,Runner Runner
9989,Antitrust
9665,Glory
311,Once Upon a Time in America
13967,Miss Potter
9053,DOA: Dead or Alive
4512,The Assassination of Jesse James by the Coward Robert Ford
76349,1911
265208,Wild Card
45610,Machine Gun Preacher
1874,Goodbye Bafana
271331,United Passions
215211,Grace of Monaco
367961,Savva. Heart of the Warrior
10955,Ripley's Game
223702,Sausage Party
254470,Pitch Perfect 2
69,Walk the Line
4967,Keeping the Faith
9449,The Borrowers
4912,Confessions of a Dangerous Mind
12771,Serving Sara
323676,The Boss
11249,Seed of Chucky
9667,The Jacket
812,Aladdin
277216,Straight Outta Compton
87,Indiana Jones and the Temple of Doom
14444,The Rugrats Movie
2043,Along Came a Spider
315664,Florence Foster Jenkins
1428,Once Upon a Time in Mexico
562,Die Hard
15373,Role Models
318846,The Big Short
14292,Miracle
924,Dawn of the Dead
2018,The Wedding Planner
192577,Space Pirate Captain Harlock
9428,The Royal Tenenbaums
2832,Identity
137093,Last Vegas
699,For Your Eyes Only
9778,Serendipity
8831,Timecop
9398,Zoolander
112949,Safe Haven
10439,Hocus Pocus
3638,No Reservations
23483,Kick-Ass
62206,30 Minutes or Less
10577,Dracula 2000
218778,"Alexander and the Terrible, Horrible, No Good, Very Bad Day"
4348,Pride & Prejudice
78,Blade Runner
11780,Rob Roy
192102,3 Days to Kill
2001,We Own the Night
11516,Winged Migration
10025,Just My Luck
15198,"Mystery, Alaska"
23172,The Spy Next Door
17834,A Simple Wish
10016,Ghosts of Mars
10317,Our Brand Is Crisis
58431,Pride and Prejudice and Zombies
9746,Kundun
13092,How to Lose Friends & Alienate People
59859,Kick-Ass 2
13495,Alatriste
254473,Brick Mansions
700,Octopussy
4964,Knocked Up
10024,My Sister's Keeper
13490,Welcome Home Roscoe Jenkins
15927,A Passage to India
1259,Notes on a Scandal
5125,Rendition
174,Star Trek VI: The Undiscovered Country
9583,Divine Secrets of the Ya-Ya Sisterhood
9437,Kiss the Girls
525,The Blues Brothers
10188,The Sisterhood of the Traveling Pants 2
245,About a Boy
9825,Lake Placid
186,Lucky Number Slevin
9549,The Right Stuff
61891,Anonymous
34584,The NeverEnding Story
2666,Dark City
13155,Return to Oz
42807,The Newton Boys
28355,Case 39
8080,Suspect Zero
56288,Spy Kids: All the Time in the World
303858,Money Monster
1613,The 51st State
16617,Mindhunters
8944,What Just Happened
14560,Paul Blart: Mall Cop
10330,Freaky Friday
6957,The 40 Year Old Virgin
1934,Shakespeare in Love
169917,A Walk Among the Tombstones
951,Kindergarten Cop
10189,Pineapple Express
9454,Ever After: A Cinderella Story
2055,Open Range
1551,Flatliners
5902,A Bridge Too Far
11460,Red Eye
9358,Final Destination 2
134,"O Brother, Where Art Thou?"
22894,Legion
134374,Pain & Gain
15028,Clockstoppers
11509,Silverado
7445,Brothers
17047,Agent Cody Banks 2: Destination London
62838,New Year's Eve
2057,Original Sin
70436,The Raven
16784,Welcome to Mooseport
8011,Highlander: The Final Dimension
31640,Blood and Wine
9092,Snow White: A Tale of Terror
316002,Accidental Love
36355,Flipper
238615,Self/less
1985,The Constant Gardener
615,The Passion of the Christ
788,Mrs. Doubtfire
380,Rain Man
13223,Gran Torino
10523,W.
8681,Taken
239571,The Best of Me
619,The Bodyguard
424,Schindler's List
50014,The Help
162903,The Fifth Estate
208763,Forbidden Kingdom
6466,Freddy vs. Jason
12589,Jimmy Neutron: Boy Genius
7191,Cloverfield
1497,Teenage Mutant Ninja Turtles II: The Secret of the Ooze
117,The Untouchables
6977,No Country for Old Men
168530,Ride Along
634,Bridget Jones's Diary
392,Chocolat
10327,"Legally Blonde 2: Red, White & Blonde"
88042,Parental Guidance
41630,No Strings Attached
11969,Tombstone
2085,Romeo Must Die
794,The Omen
9286,Final Destination 3
77877,The Lucky One
1265,Bridge to Terabithia
866,Finding Neverland
75174,The Grey
11096,Hide and Seek
8699,Anchorman: The Legend of Ron Burgundy
769,GoodFellas
10923,Agent Cody Banks
11283,Nanny McPhee
111,Scarface
11676,Nothing to Lose
746,The Last Emperor
77866,Contraband
7345,There Will Be Blood
14317,The Wild Thornberrys Movie
12277,Undercover Brother
9779,The Sisterhood of the Traveling Pants
2140,Kiss of the Dragon
12620,The House Bunny
14177,Beauty Shop
198185,Million Dollar Arm
227156,The Giver
11351,Jeepers Creepers 2
10030,Good Luck Chuck
10623,Cradle 2 the Grave
590,The Hours
9655,She's the Man
1268,Mr. Bean's Holiday
11237,Anacondas: The Hunt for the Blood Orchid
190955,Blood Ties
5123,August Rush
4518,Elizabeth
11932,Bride of Chucky
11165,Tora! Tora! Tora!
6116,Spice World
57431,The Sitter
278,The Shawshank Redemption
9290,Crocodile Dundee in Los Angeles
11543,Kingpin
284536,The Gambler
152737,August: Osage County
13374,Ice Princess
8976,A Lot Like Love
319888,Eddie the Eagle
9469,He Got Game
1909,Don Juan DeMarco
22971,Dear John
34813,The Losers
46261,Don't Be Afraid of the Dark
10431,War
8051,Punch-Drunk Love
9352,EuroTrip
10167,Half Past Dead
18147,Unaccompanied Minors
15487,The Greatest Game Ever Played
22825,The Box
11152,The Ruins
1831,The Next Best Thing
43931,My Soul to Take
10591,The Girl Next Door
10861,Maximum Risk
276907,Legend
65055,Shark Night
10397,Angela's Ashes
200505,Draft Day
11954,Lifeforce
60309,The Conspirator
9787,Lords of Dogtown
293646,The 33
6978,Big Trouble in Little China
59440,Warrior
1770,Michael Collins
8988,Stop-Loss
15992,Abandon
17707,Brokedown Palace
77883,The Possession
40001,Mrs. Winterbourne
64639,Straw Dogs
9903,The Hoax
20766,The Road
24264,Sheena
20309,Say It Isn't So
9912,The World's Fastest Indian
9067,Tank Girl
8338,Blindness
168705,BloodRayne
72113,Carnage
9729,Where the Truth Lies
22256,Without Limits
12404,Me and Orson Welles
152742,The Best Offer
11699,The Bad Lieutenant: Port of Call - New Orleans
48034,Little White Lies
36696,Space Dogs
109091,The Counselor
38543,Ironclad
33157,Waterloo
290864,Kung Fu Jungle
242166,Red Sky
859,Dangerous Liaisons
83770,On the Road
168,Star Trek IV: The Voyage Home
1246,Rocky Balboa
4233,Scream 2
174751,Jane Got a Gun
184098,Think Like a Man Too
2069,The Whole Nine Yards
1788,Footloose
11635,Old School
177,The Fisher King
3600,I Still Know What You Did Last Summer
2621,Return to Me
10358,Zack and Miri Make a Porno
10480,Nurse Betty
10313,The Men Who Stare at Goats
3558,"Girl, Interrupted"
13476,Win a Date with Tad Hamilton!
10208,Muppets from Space
24961,The Wiz
20697,Ready to Rumble
20761,Play It to the Bone
70868,I Don't Know How She Does It
43593,Piranha 3D
6478,Beyond the Sea
40688,Meet the Deedles
26672,The Thief and the Cobbler
41283,Faster
4935,Howl's Moving Castle
19908,Zombieland
10663,The Waterboy
1891,The Empire Strikes Back
9737,Bad Boys
37137,The Naked Gun 2å_: The Smell of Fear
9532,Final Destination
10316,The Ides of March
2787,Pitch Black
12658,Someone Like You...
152601,Her
10866,Joy Ride
227707,The Adventurer: The Curse of the Midas Box
21349,Anywhere But Here
70435,Haywire
580,Jaws: The Revenge
20024,The End of the Affair
2453,Harley Davidson and the Marlboro Man
6973,In the Valley of Elah
354110,Forsaken
22215,Cheri
11632,Vanity Fair
30596,Bodyguards and Assassins
3021,1408
957,Spaceballs
256917,The Water Diviner
251,Ghost
544,There's Something About Mary
11395,The Santa Clause
14635,The Rookie
13680,The Game Plan
688,The Bridges of Madison County
11090,The Animal
783,Gandhi
228194,The Hundred-Foot Journey
1642,The Net
10950,I Am Sam
235260,Son of God
277,Underworld
8999,Derailed
11323,The Informant!
10445,Shadowlands
11453,Deuce Bigalow: European Gigolo
146239,Delivery Man
10878,Saving Silverman
82650,Diary of a Wimpy Kid: Dog Days
2294,Jay and Silent Bob Strike Back
2176,The Glass House
270487,"Hail, Caesar!"
19366,Josie and the Pussycats
204082,Homefront
24100,The Little Vampire
1599,I Heart Huckabees
5550,RoboCop 3
17709,Dudley Do-Right
287948,The Transporter Refueled
9075,Black Book
11661,Joyeux NoÌÇl
109513,Hit & Run
204922,Before I Go to Sleep
38985,Sorcerer
44113,Stone
164457,Out of the Furnace
4566,Michael Clayton
1073,Arlington Road
153158,Underdogs
81836,To Rome with Love
10724,Firefox
9473,"South Park: Bigger, Longer & Uncut"
2196,Death at a Funeral
1499,Teenage Mutant Ninja Turtles III
20857,Hardball
82693,Silver Linings Playbook
1646,Freedom Writers
4108,The Transporter
8456,Never Back Down
7341,The Rage: Carrie 2
19255,Away We Go
10187,Swing Vote
31005,Moonlight Mile
49517,Tinker Tailor Soldier Spy
50780,The Beaver
16363,The Best Little Whorehouse in Texas
1946,eXistenZ
85,Raiders of the Lost Ark
772,Home Alone 2: Lost in New York
840,Close Encounters of the Third Kind
9682,Pulse
96,Beverly Hills Cop II
10678,Bringing Down the House
274,The Silence of the Lambs
8872,Wayne's World
16290,Jackass 3D
579,Jaws 2
14405,Beverly Hills Chihuahua
138843,The Conjuring
11637,Are We There Yet?
226486,Tammy
1584,School of Rock
9312,Mortal Kombat
12153,White Chicks
65057,The Descendants
8326,Holes
76203,12 Years a Slave
13497,Drumline
35688,Why Did I Get Married Too?
162,Edward Scissorhands
296096,Me Before You
1051,The French Connection
376659,Bad Moms
10073,Date Movie
16690,Return to Never Land
273895,Selma
14873,The Jungle Book 2
8968,Boogeyman
9963,Premonition
15655,The Tigger Movie
21208,Orphan
272878,Max
9760,Epic Movie
314365,Spotlight
13279,Lakeview Terrace
1975,The Grudge 2
33644,How Stella Got Her Groove Back
9895,Man of the Year
9570,The Black Hole
27579,The American
16052,Selena
40264,Vampires Suck
1164,Babel
239678,This Is Where I Leave You
14359,Doubt
3989,Team America: World Police
76617,Texas Chainsaw 3D
4258,Scary Movie 5
20391,Paint Your Wagon
10139,Milk
335778,Risen
9645,Ghost Ship
55465,A Very Harold & Kumar Christmas
617,Wild Things
48289,The Debt
243,High Fidelity
6933,One Missed Call
17182,Eye for an Eye
8848,The Bank Job
38,Eternal Sunshine of the Spotless Mind
38303,You Again
1266,Street Kings
107985,The World's End
19901,Daybreakers
34016,She's Out of My League
59860,Monte Carlo
10069,Stay Alive
12819,Alpha and Omega
9954,The Covenant
25132,Shorts
577,To Die For
328387,Nerve
12690,Appaloosa
9945,Vampires
539,Psycho
13596,My Best Friend's Girl
226857,Endless Love
13159,Georgia Rule
47941,Under the Rainbow
526,Ladyhawke
22796,Simon Birch
2355,Reign Over Me
5915,Into the Wild
9842,School for Scoundrels
61012,Silent Hill: Revelation 3D
755,From Dusk Till Dawn
9470,Kung Fu Hustle
18357,The Country Bears
7979,The Kite Runner
470,21 Grams
15644,Paparazzi
9582,A Guy Thing
22074,Capitalism: A Love Story
2428,The Greatest Story Ever Told
290751,Secret in Their Eyes
13805,Disaster Movie
4597,Armored
9414,The Man Who Knew Too Little
63492,What's Your Number?
81796,Lockout
10710,Envy
15092,Crank: High Voltage
15005,One Night with the King
8198,The Quiet American
6963,The Weather Man
15070,Undisputed
17134,12 Rounds
41402,Let Me In
146198,Triple 9
2639,Deconstructing Harry
10563,Three to Tango
295964,Burnt
5971,We're No Angels
9716,Everyone Says I Love You
11835,Death Sentence
26171,Everybody's Fine
14396,Code Name: The Cleaner
15673,Connie and Carla
42618,Sweet Charity
171274,Inherent Vice
109417,Battle of the Year
13948,An American Carol
106747,Machete Kills
10929,Willard
256962,Little Boy
48231,A Dangerous Method
3509,A Scanner Darkly
12142,Alone in the Dark
23367,Bandslam
10740,Birth
241239,A Most Violent Year
3902,I'm Not There.
77948,The Cold Light of Day
21755,The Brothers Bloom
4960,"Synecdoche, New York"
128,Princess Mononoke
16608,The Proposition
334531,My All American
32316,Marci X
7299,Equilibrium
13405,The Children of Huang Shi
314385,By the Sea
8953,Steamboy
10448,Rapa Nui
43935,Dylan Dog: Dead of Night
11458,People I Know
44638,The Tempest
13250,Butterfly on a Wheel
133931,Zambezia
184341,Hands of Stone
334074,Survivor
199373,The Frozen Ground
14202,The Painted Veil
6968,The Baader Meinhof Complex
581,Dances with Wolves
52449,Bad Teacher
12150,Sea of Love
11247,A Cinderella Story
4232,Scream
694,The Shining
105,Back to the Future
11377,House on Haunted Hill
385383,Fight Valley
41210,The Switch
12090,Just Married
62630,The Devil's Double
29427,The Crazies
129,Spirited Away
2669,The Bounty
13523,Sex Drive
25195,Leap Year
17277,The Fall of the Roman Empire
50725,Take Me Home Tonight
73191,The Nutcracker
22479,Kansas City
10065,The Amityville Horror
2757,Adaptation.
11683,Land of the Dead
1878,Fear and Loathing in Las Vegas
23082,The Invention of Lying
195589,Neighbors
854,The Mask
2280,Big
496,Borat: Cultural Learnings of America for Make Benefit Glorious Nation of Kazakhstan
8835,Legally Blonde
157,Star Trek III: The Search for Spock
8643,The Exorcism of Emily Rose
10402,Deuce Bigalow: Male Gigolo
218043,Left Behind
21301,Barbershop 2:  Back in Business
10147,Bad Santa
816,Austin Powers: International Man of Mystery
302688,My Big Fat Greek Wedding 2
60307,Diary of a Wimpy Kid: Rodrick Rules
106,Predator
279,Amadeus
10625,Mean Girls
5279,Gosford Park
10013,Peggy Sue Got Married
194662,Birdman
160588,Blue Jasmine
9829,United 93
10028,Honey
10535,Spy Hard
790,The Fog
43959,Soul Surfer
10364,Catch-22
9610,Conan the Destroyer
1578,Raging Bull
25643,Love Happens
11904,Young Sherlock Holmes
44115,127 Hours
10560,Center Stage
333348,Love the Coopers
20483,Catch That Kid
11457,Life as a House
321697,Steve Jobs
19840,"I Love You, Beth Cooper"
22327,Youth in Revolt
38665,The Legend of the Lone Ranger
2575,The Tailor of Panama
11644,Blow Out
146227,Getaway
68924,The Ice Storm
253235,And So It Goes
10068,Nine 1/2 Weeks
848,Dragonslayer
522,Ed Wood
130150,Labor Day
12246,Mongol: The Rise of Genghis Khan
13809,RockNRolla
33870,Mao's Last Dancer
245703,Midnight Special
127560,The Railway Man
37903,The White Ribbon
10017,The Wraith
11468,Salton Sea
193613,Metallica: Through the Never
17436,The Informers
43434,Carlos
31166,I Come with the Rain
8408,Day of the Dead
332411,I Am Wrath
9389,Renaissance
9626,Red Sonja
75638,Red Lights
8363,Superbad
290555,Wolves
8328,Step Up 2: The Streets
10982,Hoodwinked!
205,Hotel Rwanda
1620,Hitman
175541,Black Nativity
241254,The Prince
679,Aliens
11113,My Fair Lady
3597,I Know What You Did Last Summer
193893,Let's Be Cops
9675,Sideways
9988,Beerfest
948,Halloween
21765,Good Boy!
146304,The Best Man Holiday
7516,Smokin' Aces
41439,Saw: The Final Chapter
2752,40 Days and 40 Nights
9429,A Night at the Roxbury
38117,Beastly
9792,The Hills Have Eyes
13960,ATL
114150,Pitch Perfect
26602,Summer Catch
16028,They
26390,Brooklyn's Finest
27759,55 Days at Peking
109428,Evil Dead
23049,My Life in Ruins
9310,American Dreamz
11411,Superman IV: The Quest for Peace
7304,Running Scared
58048,Shanghai Surprise
1491,The Illusionist
2989,Roar
10629,Veronica Guerin
255343,Escobar: Paradise Lost
4723,Southland Tales
10800,Dragon Hunters
25763,Damnation Alley
79694,The Apparition
4032,My Girl
18615,Fur: An Imaginary Portrait of Diane Arbus
10673,Wall Street
4584,Sense and Sensibility
2977,Becoming Jane
10760,Sydney White
11093,House of Sand and Fog
207,Dead Poets Society
8467,Dumb and Dumber
639,When Harry Met Sally...
24226,The Verdict
9285,Road Trip
74643,The Artist
13788,The Unborn
83666,Moonrise Kingdom
10781,The Texas Chainsaw Massacre: The Beginning
318850,The Young Messiah
1417,Pan's Labyrinth
16161,Baby Boy
49950,The Roommate
10956,Joe Dirt
9594,Double Impact
4638,Hot Fuzz
13972,The Women
5038,Vicky Cristina Barcelona
13491,Arn: The Knight Templar
10571,Boys and Girls
19994,Jennifer's Body
25166,Drowning Mona
30890,Radio Days
23169,Remember Me
12120,My Stepmother is an Alien
9800,Philadelphia
1090,The Thirteenth Floor
18475,The Cookout
9689,Hollywood Ending
9781,Detroit Rock City
8009,Highlander
3877,Things We Lost in the Fire
8854,Steel
152599,The Immigrant
68727,Trance
12657,Soul Plane
8265,Welcome to the Sticks
34647,Enter the Void
73935,Vamps
28178,Hachi: A Dog's Tale
185567,Zulu
264656,The Homesman
35696,Juwanna Mann
18777,Slow Burn
2110,Wasabi
9035,Slither
90,Beverly Hills Cop
771,Home Alone
9576,Tootsie
744,Top Gun
146,"Crouching Tiger, Hidden Dragon"
14,American Beauty
45269,The King's Speech
9493,Twins
22556,The Yellow Handkerchief
873,The Color Purple
33196,Tidal Wave
205596,The Imitation Game
16769,Coal Miner's Daughter
33217,Diary of a Wimpy Kid
132232,Mama
11153,National Lampoon's Vacation
208134,Bad Grandpa
1165,The Queen
4011,Beetlejuice
17202,Why Did I Get Married?
9587,Little Women
65086,The Woman in Black
10053,When a Stranger Calls
11870,Big Fat Liar
11778,The Deer Hunter
586,Wag the Dog
18736,The Lizzie McGuire Movie
134411,Snitch
287903,Krampus
9276,The Faculty
2142,Cop Land
11397,Not Another Teen Movie
77016,End of Watch
11478,The Skulls
266856,The Theory of Everything
10564,Where the Heart Is
947,Lawrence of Arabia
24150,Halloween II
228970,Wild
18405,The Last House on the Left
6961,The Wedding Date
11442,Halloween: Resurrection
2493,The Princess Bride
14047,The Great Debaters
64690,Drive
11132,Confessions of a Teenage Drama Queen
17127,The Object of My Affection
1562,28 Weeks Later
232679,When the Game Stands Tall
17880,Because of Winn-Dixie
14736,Love & Basketball
23706,All About Steve
9100,The Craft
116,Match Point
1245,The Remains of the Day
4995,Boogie Nights
14012,Flicka
9793,The Hills Have Eyes 2
12212,Urban Legends: Final Cut
8975,The Marine
342521,Keanu
45272,Country Strong
9424,Disturbing Behavior
97367,The Place Beyond the Pines
254904,The November Man
18681,Eye of the Beholder
12162,The Hurt Locker
11495,Firestarter
64689,Killing Them Softly
157849,A Most Wanted Man
37003,U2 3D
12211,Highlander: Endgame
51828,One Day
22798,Whip It
7501,Knockaround Guys
15237,De-Lovely
9686,New York Stories
97430,The Man with the Iron Fists
12257,Home Fries
68,Brazil
14024,Raise Your Voice
115,The Big Lebowski
7874,Black Snake Moan
4911,Dark Blue
1988,A Mighty Heart
16222,Whatever It Takes
9557,Boat Trip
8321,In Bruges
72359,Peeples
10186,The Rocker
25704,Post Grad
133694,Promised Land
19265,Whatever Works
36047,The In Crowd
8053,The Three Burials of Melquiades Estrada
5236,Kiss Kiss Bang Bang
6552,Idle Hands
1018,Mulholland Drive
38031,You Will Meet a Tall Dark Stranger
42188,Never Let Me Go
6687,Transsiberian
13853,The Clan of the Cave Bear
8461,Funny Games
19,Metropolis
10045,District B13
400,Things to Do in Denver When You're Dead
253450,The Assassin
9104,Buffalo Soldiers
16353,Ong Bak 2
23759,Centurion
24206,Silent Trigger
10185,The Midnight Meat Train
75033,Winnie Mandela
74536,The Son of No One
31668,All The Queen's Men
13501,The Good Night
172391,Khumba
262543,Automata
370980,Chiamatemi Francesco - Il Papa della gente
20083,Shinjuku Incident
137,Groundhog Day
264999,Magic Mike XXL
454,Romeo + Juliet
53457,Sarah's Key
288980,Freedom
33,Unforgiven
1951,Manderlay
12405,Slumdog Millionaire
10998,Fatal Attraction
114,Pretty Woman
2604,Born on the Fourth of July
864,Cool Runnings
14435,My Bloody Valentine
1931,Stomp the Yard
691,The Spy Who Loved Me
9877,Urban Legend
12227,White Fang
71688,The Iron Lady
8291,Poetic Justice
13950,All About the Benjamins
12158,Vampire in Brooklyn
11586,Exorcist II: The Heretic
2830,My Boss's Daughter
12403,A Perfect Getaway
34563,Our Family Wedding
10368,Tea with Mussolini
14434,I Think I Love My Wife
11470,Jason X
24940,Head Over Heels
82679,Fun Size
2013,The Diving Bell and the Butterfly
1440,Little Children
18041,Gossip
28029,A Walk on the Moon
87729,Jefferson in Paris
44092,Reign of Assassins
44754,Margaret
23988,Stan Helsing
43949,Flipped
142,Brokeback Mountain
9603,Clueless
10712,Far from Heaven
243938,Hot Tub Time Machine 2
10876,Quills
86838,Seven Psychopaths
613,Downfall
1913,The Sea Inside
97370,Under the Skin
801,"Good Morning, Vietnam"
70829,The Last Godfather
54518,Justin Bieber: Never Say Never
44214,Black Swan
240,The Godfather: Part II
9816,Save the Last Dance
10131,A Nightmare on Elm Street 4: The Dream Master
339984,Miracles from Heaven
8859,"Dude, WhereÛªs My Car?"
11967,Young Guns
239563,St. Vincent
222899,About Last Night
4951,10 Things I Hate About You
10985,The New Guy
332567,The Shallows
1954,The Butterfly Effect
15250,This Christmas
22345,Baby Geniuses
9448,The Big Hit
38223,Harriet the Spy
11186,Child's Play 2
136835,No Good Deed
5876,The Mist
264660,Ex Machina
492,Being John Malkovich
25462,Two Can Play That Game
238603,Earth to Echo
10691,Crazy/Beautiful
1251,Letters from Iwo Jima
5172,The Astronaut Farmer
58680,Woo
264644,Room
11592,Serial Mom
16406,Dick
3682,54
2084,Birthday Girl
107811,21 & Over
2266,"Paris, je t'aime"
144340,Admission
28211,Chloe
47502,Faithful
9950,Find Me Guilty
84892,The Perks of Being a Wallflower
24227,Excessive Force
9672,Infamous
157544,The Vatican Tapes
59678,Attack the Block
79777,In the Land of Blood and Honey
158011,The Call
8952,I Love You Phillip Morris
62204,Quest for Fire
13435,Antwone Fisher
319,True Romance
59457,Womb
9504,Glengarry Glen Ross
37414,The Killer Inside Me
26688,Sorority Row
6615,Lars and the Real Girl
14574,The Boy in the Striped Pyjamas
16,Dancer in the Dark
21612,The Funeral
36691,Solitary Man
23631,Machete
45324,Casino Jack
12144,The Land Before Time
56601,The Perfect Game
9552,The Exorcist
578,Jaws
2105,American Pie
126319,Ernest & Celestine
10136,The Golden Child
67660,Think Like a Man
10611,Barbershop
154,Star Trek II: The Wrath of Khan
3049,Ace Ventura: Pet Detective
860,WarGames
9281,Witness
75674,Act of Valor
9762,Step Up
3179,Beavis and Butt-Head Do America
184,Jackie Brown
13335,Harold & Kumar Escape from Guantanamo Bay
76726,Chronicle
10269,Yentl
36819,Time Bandits
17130,Crossroads
57214,Project X
11202,Patton
9357,One Hour Photo
13812,Quarantine
9030,The Eye
19084,Johnson Family Vacation
8386,How High
1360,Frida
101267,Katy Perry: Part of Me
222935,The Fault in Our Stars
10220,Rounders
31915,Prophecy
11601,Stir of Echoes
205220,Philomena
14191,Aquamarine
286565,Paper Towns
129670,Nebraska
34549,Max Keeble's Big Move
57157,Young Adult
1948,Crank
46889,Living Out Loud
11027,The Postman Always Rings Twice
387,Das Boot
6020,Sorority Boys
60599,Arbitrage
227719,Project Almanac
14299,Cadillac Records
12088,Fortress
14799,For Your Consideration
7510,Running with Scissors
31246,From Justin to Kelly
61752,Girl 6
10944,In the Cut
10362,Two Lovers
1255,The Host
10212,Ravenous
8669,Charlie Bartlett
179144,The Great Beauty
86825,Stoker
844,2046
8060,Married Life
15907,Duma
38448,Ondine
327,Brother
9260,Welcome to Collinwood
13079,The Life Before Her Eyes
4170,Trade
12479,Breakfast of Champions
10133,Cypher
21345,City of Life and Death
173931,Legend of a Rabbit
61984,Space Battleship Yamato
50601,5 Days of War
26466,Triangle
345003,10 Days in a Madhouse
236751,Heaven is for Real
107,Snatch
8913,Pet Sematary
18530,The Cry of the Owl
927,Gremlins
11,Star Wars
291870,Dirty Grandpa
907,Doctor Zhivago
45317,The Fighter
12094,Jackass Number Two
10377,My Cousin Vinny
249164,If I Stay
256092,Drive Hard
9942,Major League
1817,Phone Booth
10229,A Walk to Remember
687,Dead Man Walking
796,Cruel Intentions
22804,Saw VI
10156,History of the World: Part I
12837,The Secret Life of Bees
17708,Corky Romano
13937,Raising Cain
28932,F.I.S.T.
31909,Invaders from Mars
167073,Brooklyn
3175,Barry Lyndon
14369,Out Cold
16888,The Ladies Man
121826,Quartet
10646,Tomcats
12149,Frailty
304357,Woman in Gold
766,Army of Darkness
20009,Slackers
1587,What's Eating Gilbert Grape
30973,The Visual Bible: The Gospel of John
11109,Vera Drake
63020,The Perez Family
86829,Inside Llewyn Davis
13888,Return to the Blue Lagoon
42345,The Molly Maguires
1590,Copying Beethoven
11917,Saw V
80271,LOL
14395,Kabhi Alvida Naa Kehna
24137,An Ideal Husband
62,2001: A Space Odyssey
601,E.T. the Extra-Terrestrial
13067,In the Land of Women
88641,There Goes My Baby
14877,September Dawn
96399,For Greater Glory - The True Story of Cristiada
304410,The BÌ©lier Family
489,Good Will Hunting
373314,Misconduct
214,Saw III
10890,Stripes
1588,Bring It On
316727,The Purge: Election Year
10314,She's All That
663,Saw IV
11804,White Noise
16781,Madea's Family Reunion
11873,The Color of Money
9289,The Longest Day
10414,The Mighty Ducks
1970,The Grudge
9614,Happy Gilmore
8922,Jeepers Creepers
1648,Bill & Ted's Excellent Adventure
17917,Oliver!
74534,The Best Exotic Marigold Hotel
19405,Recess: School's Out
9355,Mad Max Beyond Thunderdome
10999,Commando
321258,The Boy
44040,Devil
10426,Friday After Next
280092,Insidious: Chapter 3
13938,The Last Dragon
10163,The Lawnmower Man
12182,Nick and Norah's Infinite Playlist
1832,Dogma
9034,The Banger Sisters
15301,Twilight Zone: The Movie
10135,Road House
26352,A Low Down Dirty Shame
20616,Swimfan
9794,Employee of the Month
15037,Can't Hardly Wait
227,The Outsiders
294272,Pete's Dragon
11336,The Dead Zone
283445,Sinister 2
88036,Sparkle
22824,The Fourth Kind
9526,A Prairie Home Companion
11545,Rushmore
42684,Skyline
268238,The Second Best Exotic Marigold Hotel
41823,Mo' Better Blues
9362,Tremors
9902,Wrong Turn
14729,The Long Riders
9455,The Corruptor
103731,Mud
10090,Reno 911!: Miami
164558,One Direction: This Is Us
19905,"The Goods: Live Hard, Sell Hard"
75900,My Week with Marilyn
9515,The Matador
27322,Love Jones
328425,The Gift
10050,Get Over It
1542,Office Space
10490,Drop Dead Gorgeous
87093,Big Eyes
10029,Very Bad Things
11507,Body Double
37931,MacGruber
87818,Movie 43
13160,Over Her Dead Body
88005,Seeking a Friend for the End of the World
73,American History X
24034,Teacher's Pet
14283,The Red Violin
404,The Straight Story
209403,Bad Words
7942,"Run, Fatboy, Run"
73247,Heartbeeps
253331,Black or White
9952,Rescue Dawn
256924,Danny Collins
82532,"Jeff, Who Lives at Home"
2088,Romeo Is Bleeding
10388,The Limey
1640,Crash
25520,The House of Mirth
67911,Bucky Larson: Born to Be a Star
329440,The Forest
47890,Sphinx
252512,While We're Young
55720,A Better Life
29076,Gun Shy
68812,The Iceman
14195,Cecil B. Demented
73567,Killer Joe
41479,The Joneses
1989,My Blueberry Nights
12779,Swept Away
13191,"War, Inc."
12703,The Brown Bunny
101173,Coriolanus
25350,Imaginary Heroes
20178,World's Greatest Dad
18191,Edmond
184374,Cinco de Mayo: La Batalla
268171,Elsa & Fred
78149,"An Alan Smithee Film: Burn, Hollywood, Burn"
39037,The Good Guy
245846,Strangerland
25186,Janky Promoters
15017,Blonde Ambition
12245,The Oxford Murders
66767,Beat the World
18516,Adam Resurrected
217708,Of Horses and Men
17577,The Devil's Tomb
15067,"The Good, The Bad, The Weird"
78383,Nurse 3-D
43090,Gunless
16614,Adventureland
9700,The Lost City
10471,Next Friday
250066,American Heist
667,You Only Live Twice
208869,Plastic
86837,Amour
10306,Poltergeist III
106845,Re-Kill
11576,"It's a Mad, Mad, Mad, Mad World"
219,Volver
11827,Heavy Metal
22820,Gentlemen Broncos
244316,Into the Grizzly Maze
62215,Melancholia
348,Alien
30497,The Texas Chain Saw Massacre
27586,The Runaways
14811,Fiddler on the Roof
660,Thunderball
68684,Detention
40794,Loose Cannons
9400,Set It Off
16162,The Best Man
10585,Child's Play
2359,Sicko
238636,The Purge: Anarchy
10472,Down to You
11282,Harold & Kumar Go to White Castle
6521,The Contender
14181,Boiler Room
1621,Trading Places
9656,Black Christmas
10705,Henry V
1619,The Way of the Gun
9685,Igby Goes Down
14425,PCU
10179,The Ice Pirates
15568,Gracie
14057,Trust the Man
67675,Glee: The Concert Movie
29514,Two Evil Eyes
250349,Barbecue
12454,All or Nothing
39806,Princess Kaiulani
15699,Opal Dream
8883,Flame & Citron
17926,Undiscovered
25968,Veronika Decides to Die
9671,Crocodile Dundee
11588,The I Inside
43418,Beneath Hill 60
13483,Awake
327833,Skin Trade
1547,The Lost Boys
25196,Crazy Heart
16323,The Rose
175528,Baggage Claim
8069,Barbarella
16727,The Namesake
272693,The DUFF
10696,Glitter
19644,Silmido
29963,Bright Star
26022,My Name Is Khan
152747,All Is Lost
62676,Limbo
1116,The Wind That Shakes the Barley
185008,Yeh Jawaani Hai Deewani
11620,Quo Vadis
11818,Valley of the Wolves: Iraq
680,Pulp Fiction
242582,Nightcrawler
11217,Club Dread
15121,The Sound of Music
2619,Splash
773,Little Miss Sunshine
235,Stand by Me
170,28 Days Later
10734,Escape from Alcatraz
37964,Brown Sugar
40807,50/50
225565,That Awkward Moment
11971,Much Ado About Nothing
668,On Her Majesty's Secret Service
11596,New Nightmare
14429,Drive Me Crazy
13751,Akeelah and the Bee
9490,Half Baked
14536,New in Town
1359,American Psycho
9962,The Good Girl
15049,Bon Cop Bad Cop
22821,The Boondock Saints II: All Saints Day
37735,Easy A
10873,Shadow of the Vampire
51588,Prom
23570,The Pallbearer
14629,Woman on Top
291270,Anomalisa
44009,Another Year
1958,8 Women
13154,Showdown in Little Tokyo
43923,It's Kind of a Funny Story
46138,Made in Dagenham
26306,Prefontaine
198277,Begin Again
7870,Down in the Valley
13072,Brooklyn Rules
10288,Fido
44147,Wild Target
12192,Pathology
13197,10th & Wolf
251321,Aloft
149,Akira
10425,The Death and Life of Bobby Z
49081,The Rocket: The Legend of Rocket Richard
374461,Mr. Church
302,Swimming Pool
389425,Code of Honor
403,Driving Miss Daisy
33542,Rumble in the Bronx
283708,Far from Men
9388,Thank You for Smoking
1691,Hostel: Part II
24684,An Education
2610,Shopgirl
11308,The Hotel New Hampshire
11022,Narc
34341,Men with Brooms
36046,The Work and the Glory
12569,Extract
2577,Code 46
103903,Outside Bet
73873,Albert Nobbs
312113,Black November
2011,Persepolis
7735,The Wave
301365,The Neon Demon
25941,Harry Brown
7326,Juno
326284,Pound of Flesh
681,Diamonds Are Forever
238,The Godfather
535,Flashdance
19913,(500) Days of Summer
713,The Piano
77930,Magic Mike
253,Live and Let Die
17908,My Dog Skip
57119,Jumping the Broom
3291,"Good Night, and Good Luck."
398,Capote
8068,Desperado
10803,Logan's Run
682,The Man with the Golden Gun
10117,Action Jackson
79316,Devil's Due
2074,Flirting with Disaster
308639,Dope
22314,In Too Deep
2662,House of 1000 Corpses
12573,A Serious Man
44718,Get Low
11342,Warlock
241771,Beyond the Lights
34653,A Single Man
11051,The Last Temptation of Christ
14578,Outside Providence
57825,Bride & Prejudice
13006,Split Second
16651,The Other Side of Heaven
4251,Veer-Zaara
12400,Redbelt
39053,Cyrus
14112,Auto Focus
12271,Factory Girl
71859,We Need to Talk About Kevin
48620,The Mighty Macs
33676,Losin' It
37080,Mother and Child
39210,Somewhere
30128,I Hope They Serve Beer in Hell
44835,Hesher
1956,Gerry
24985,The Heart of Me
306745,Freeheld
47088,The Extra Man
110402,Hard to Be a God
27004,Ca$h
8374,The Boondock Saints
78381,Twixt
164372,The Snow Queen
13001,Stargate: The Ark of Truth
9571,Dazed and Confused
334527,Criminal Activities
14576,Shade
82505,House at the End of the Street
46738,Incendies
7347,Elite Squad
250546,Annabelle
38415,Bran Nue Dae
650,Boyz n the Hood
16620,La Bamba
11033,Dressed to Kill
34723,The Adventures of Huck Finn
9430,Go
8998,Friends with Money
10514,The Andromeda Strain
76025,Shame
4836,Layer Cake
14631,The Work and the Glory II: American Zion
87499,The East
18923,A Home at the End of the World
28089,The Messenger
62255,Tracker
218,The Terminator
338,"Good bye, Lenin!"
21641,The Damned United
10925,The Return of the Living Dead
2293,Mallrats
621,Grease
792,Platoon
1777,Fahrenheit 9/11
642,Butch Cassidy and the Sundance Kid
433,Mary Poppins
16619,Ordinary People
1725,West Side Story
11977,Caddyshack
16158,The Wood
629,The Usual Suspects
10160,A Nightmare on Elm Street 5: The Dream Child
11452,National LampoonÛªs Van Wilder
12163,The Wrestler
32275,Duel in the Sun
1103,Escape from New York
14144,Daddy Day Camp
10622,Mr. Nice Guy
13370,A Mighty Wind
10215,Sliding Doors
25066,Tales from the Hood
1523,The Last King of Scotland
11361,Halloween 5: The Revenge of Michael Myers
92591,Bernie
57612,Dolphins and Whales: Tribes of the Ocean
15256,200 Cigarettes
83686,The Words
28053,City Island
67913,The Guard
13991,College
1443,The Virgin Suicides
231576,Wish I Was Here
16172,Simply Irresistible
15797,Only the Strong
13537,Shattered Glass
20794,Novocaine
576,The Wild Bunch
13990,The Wackness
11583,The First Great Train Robbery
27549,Beastmaster 2: Through the Portal of Time
59728,The 5th Quarter
32395,The Greatest
58882,Snow Flower and the Secret Fan
7547,Come Early Morning
13827,"Surfer, Dude"
9282,11:14
97614,Deadfall
37206,A Shine of Rainbows
58626,The Hit List
837,Videodrome
1555,The Spanish Apartment
244783,Song One
16564,Winter in Wartime
3482,The Train
8982,The Protector
455,Bend It Like Beckham
14351,Crossover
10664,[REC]å_
9277,The Sting
9443,Chariots of Fire
138697,Don Jon
11901,High Plains Drifter
1548,Ghost World
33155,Galaxina
321,Mambo Italiano
4997,Wonderland
925,Do the Right Thing
73532,Le Havre
193722,R100
7913,Rang De Basanti
51995,Salvation Boulevard
230266,Miss Julie
16633,Somewhere in Time
91586,Insidious: Chapter 2
215,Saw II
333371,10 Cloverfield Lane
9012,Jackass: The Movie
345911,Lights Out
72571,Paranormal Activity 3
242512,Ouija
10072,A Nightmare on Elm Street 3: Dream Warriors
211954,Instructions Not Included
82990,Paranormal Activity 4
29912,The Robe
11843,The Return of the Pink Panther
11284,Freddy's Dead: The Final Nightmare
504,Monster
173,"20,000 Leagues Under the Sea"
227348,Paranormal Activity: The Marked Ones
1955,The Elephant Man
152532,Dallas Buyers Club
243940,The Lazarus Effect
77,Memento
157547,Oculus
2295,Clerks II
71,Billy Elliot
147773,The Way Way Back
24266,The Man from Snowy River
2895,The Apostle
59968,Our Idiot Brother
323677,Race
256274,"As Above, So Below"
284293,Still Alice
24973,The Egyptian
21610,Nighthawks
10283,Friday the 13th Part VIII: Jason Takes Manhattan
8346,My Big Fat Greek Wedding
122081,Spring Breakers
10987,Halloween: The Curse of Michael Myers
1391,Y Tu MamÌÁ TambiÌ©n
747,Shaun of the Dead
26748,Lone Star
11357,Halloween 4: The Return of Michael Myers
24913,April Fool's Day
14854,Lone Wolf McQuade
50357,Apollo 18
13090,Sunshine Cleaning
192141,No Escape
29996,Solomon and Sheba
351819,Fifty Shades of Black
22649,A Farewell to Arms
20455,Digimon: The Movie
11042,The Barbarian Invasions
12484,The Forsaken
17339,Force 10 from Navarone
11959,UHF
14662,Slums of Beverly Hills
335,Once Upon a Time in the West
15745,Made
17431,Moon
78394,Sea Rex 3D: Journey to a Prehistoric World
10217,The Sweet Hereafter
46332,Of Gods and Men
13996,Bottle Shock
1024,Heavenly Creatures
343795,90 Minutes in Heaven
45658,Everything Must Go
16148,Zero Effect
4553,The Machinist
36351,Light Sleeper
245916,Kill the Messenger
27585,Rabbit Hole
1415,Party Monster
313922,Green Room
14474,The Oh in Ohio
199933,Atlas Shrugged Part III: Who is John Galt?
13685,Bottle Rocket
8744,Albino Alligator
46838,Tucker and Dale vs Evil
18442,Decoys
298312,The Visit
11600,Redacted
57876,Area 51
77495,Sleep Tight
244403,Rudderless
292481,Henry & Me
297596,Dying of the Light
11935,Capricorn One
290825,Yoga Hosers
31175,Soul Kitchen
12498,Sling Blade
77949,The Awakening
1690,Hostel
64720,Take Shelter
300706,Let's Kill Ward's Wife
16337,The Texas Chainsaw Massacre 2
11577,Pat Garrett & Billy the Kid
77987,Only God Forgives
68202,Without Men
50848,The Names of Love
166624,Treading Water
10822,Savage Grace
9336,Police Academy
5689,The Blue Lagoon
712,Four Weddings and a Funeral
13342,Fast Times at Ridgemont High
10339,Moby Dick
1429,25th Hour
9303,Bound
641,Requiem for a Dream
6106,Salvador
252680,Moms' Night Out
141,Donnie Darko
17139,Character
12079,Spun
39800,Life During Wartime
13807,Exiled
36419,After.Life
510,One Flew Over the Cuckoo's Nest
362105,R.L. Stine's Monsterville: The Cabinet of Souls
375290,Airlift
116613,The Sweeney
11826,Sexy Beast
1088,Whale Rider
26379,Paa
10947,High School Musical
3040,Night Watch
11386,The Crying Game
10246,Porky's
29426,Survival of the Dead
10331,Night of the Living Dead
153,Lost in Translation
703,Annie Hall
27191,The Greatest Show on Earth
1365,Monster's Ball
287424,Maggie
451,Leaving Las Vegas
165864,Hansel and Gretel Get Baked
987,The Front Page
241251,The Boy Next Door
40494,Trapeze
39781,The Kids Are All Right
8337,They Live
5925,The Great Escape
146203,The Last Exorcism Part II
85350,Boyhood
512,Scoop
13408,The Wash
47816,3 Strikes
10744,The Cooler
11536,The Misfits
1809,The Rules of Attraction
2370,Topaz
9809,Let's Go to Prison
5,Four Rooms
11013,Secretary
10132,Talk Radio
8141,You Kill Me
48572,Red State
14517,Mirrormask
89708,Samsara
15059,The Loss of Sexual Innocence
157847,Joe
25719,Shooting Fish
48309,Prison
27723,Psycho Beach Party
242575,"Guten Tag, RamÌ_n"
44945,Trust
111190,Adore
133575,The Velocity of Gary
54580,Mondays in the Sun
52015,Stake Land
60422,Another Happy Day
81390,A Lonely Place to Die
22301,Hell's Angels
20065,Purple Violets
257087,The Veil
114635,The Helpers
158150,How to Fall in Love
874,A Man for All Seasons
10774,Network
770,Gone with the Wind
29715,Major Dundee
25209,Annie Get Your Gun
37495,Four Lions
34769,Defendor
35032,The Pirate
5178,The Good Heart
8618,The History Boys
3116,Midnight Cowboy
9427,The Full Monty
813,Airplane!
352978,Chain of Command
10634,Friday
9516,Menace II Society
16288,Creepshow 2
23330,The Ballad of Cable Hogue
18900,In Cold Blood
27029,The Nun's Story
26268,Harper
573,Frenzy
310131,The Witch
11363,She's the One
3033,Gods and Monsters
25376,The Secret in Their Eyes
765,Evil Dead II
205321,Sharknado
46146,Troll Hunter
14256,Winter Passing
540,D.E.B.S.
20055,The Betrayed
39303,2:13
142061,"Batman: The Dark Knight Returns, Part 2"
370662,Time to Choose
252360,In the Name of the King III
256740,Wicked Blood
241766,Lords of London
12535,High Anxiety
1667,March of the Penguins
50839,Margin Call
13973,Choke
244786,Whiplash
598,City of God
11129,Human Traffic
75861,To Write Love on Her Arms
103663,The Hunt
11564,Class of 1984
301748,The Opposite Sex
108346,Dreaming of Joseph Lees
805,Rosemary's Baby
11697,The Man Who Shot Liberty Valance
55347,Beginners
8469,Animal House
658,Goldfinger
125490,Antiviral
1585,It's a Wonderful Life
627,Trainspotting
41436,Paranormal Activity 2
1430,Bowling for Columbine
10014,A Nightmare on Elm Street Part 2: Freddy's Revenge
11257,A Room with a View
158015,The Purge
82507,Sinister
20337,Martin Lawrence Live: Runteldat
261,Cat on a Hot Tin Roof
1685,Beneath the Planet of the Apes
20737,Air Bud
10991,PokÌ©mon: Spell of the Unknown
10225,Friday the 13th Part VI: Jason Lives
826,The Bridge on the River Kwai
34086,Spaced Invaders
5854,Family Plot
284,The Apartment
10285,Jason Goes to Hell: The Final Friday
5780,Torn Curtain
292,Dave Chappelle's Block Party
29463,Krush Groove
22013,Elmer Gantry
821,Judgment at Nuremberg
3089,Red River
132344,Before Midnight
15158,Phantasm II
44634,Woman Thou Art Loosed
10557,East Is East
23531,Whipped
28005,Kama Sutra - A Tale of Love
40247,Please Give
252,Willy Wonka & the Chocolate Factory
18892,Jawbreaker
549,Basquiat
868,Tsotsi
10683,Happiness
246403,Tusk
670,Oldboy
49010,Hobo with a Shotgun
317930,Compadres
11229,Freeway
24469,Fish Tank
84174,Bachelorette
342,Summer Storm
100975,Just Looking
38541,The Divide
234212,Demonic
192210,Open Road
70006,Never Back Down 2: The Beatdown
26039,Point Blank
79587,Four Single Fathers
260947,Something Wicked
342502,AWOL-72
43213,Chicago Overcoat
666,Central Station
248,Pocketful of Miracles
351043,Amnesiac
43942,Freakonomics
66942,Griff the Invisible
10476,Hustle & Flow
239,Some Like It Hot
10281,Friday the 13th Part VII: The New Blood
630,The Wizard of Oz
3034,Young Frankenstein
13025,Diary of the Dead
17264,The Black Stallion
15875,Donovan's Reef
43306,A Guy Named Joe
11072,Blazing Saddles
9730,Friday the 13th: The Final Chapter
209274,Ida
291,Riding Giants
14139,Timecrimes
8875,Timber Falls
872,Singin' in the Rain
139038,A Haunted House
126509,2016: Obama's America
10676,Halloween III: Season of the Witch
1687,Escape from the Planet of the Apes
24748,Hud
468,My Own Private Idaho
401,Garden State
76,Before Sunrise
84329,Robot & Frank
157386,The Spectacular Now
46849,Eye of the Dolphin
17334,The Other End of the Line
20764,Sleep Dealer
45132,Super
254472,Stung
332285,Antibirth
49471,Get on the Bus
7512,Idiocracy
356216,The Rise of the Krays
11798,This Is England
146631,U.F.O.
43546,Bathing Beauty
61038,Go for It!
17820,Show Boat
19933,The Brave Little Toaster
756,Fantasia
9728,Friday the 13th Part III
9731,Friday the 13th: A New Beginning
43610,The Valley of Decision
360339,Eden
887,The Best Years of Our Lives
364083,Mi America
8329,[REC]
657,From Russia with Love
11561,Sleeper
270303,It Follows
11624,Everything You Always Wanted to Know About Sex *But Were Afraid to Ask
595,To Kill a Mockingbird
8810,Mad Max 2: The Road Warrior
226,Boys Don't Cry
92182,Silent House
582,The Lives of Others
72213,Courageous
990,The Hustler
55604,Boom Town
9662,The Triplets of Belleville
80,Before Sunset
55,Amores perros
11023,Thirteen
33667,Gentleman's Agreement
39013,Winter's Bone
43839,Alexander's Ragtime Band
44639,Inside Job
301351,We Are Your Friends
7873,Harsh Times
331190,Captive
15186,Full Frontal
1378,Shortbus
8885,Waltz with Bashir
48382,"The Book of Mormon Movie, Volume 1: The Journey"
12901,No End in Sight
250124,The Diary of a Teenage Girl
14284,In the Shadow of the Moon
12228,Inside Deep Throat
42889,The Virginity Hit
10656,Subway
24746,Six-String Samurai
12109,It's All Gone Pete Tong
27023,Saint John of Las Vegas
273899,Stonewall
20653,Roadside Romeo
28260,Return of the Living Dead 3
13075,Sherrybaby
50698,Grave Encounters
115210,Stitches
34335,Nine Dead
459488,"To Be Frank, Sinatra at 100"
11302,Bananas
3766,The Lady from Shanghai
18616,No Man's Land: The Rise of Reeker
18808,Highway
95755,Small Apartments
153795,Straight A's
309919,The Curse of Downers Grove
299553,Shark Lake
21309,River's Edge
329540,The Marine 4: Moving Target
26388,Buried
295886,Brotherly Love
38358,The Last Exorcism
702,A Streetcar Named Desire
935,Dr. Strangelove or: How I Learned to Stop Worrying and Love the Bomb
542,The Crime of Padre Amaro
84175,Beasts of the Southern Wild
1705,Battle for the Planet of the Apes
50875,Higher Ground
4929,Hang 'em High
205126,Independence Daysaster
98557,Dysfunctional Friends
104,Run Lola Run
10894,May
246449,Against the Wild
1688,Conquest of the Planet of the Apes
1999,In the Bedroom
43947,I Spit on Your Grave
24066,"Happy, Texas"
191714,The Lunchbox
34106,You Can't Take It With You
11426,From Here to Eternity
13909,She Wore a Yellow Ribbon
592,The Conversation
10758,Waitress
11690,Bloodsport
3083,Mr. Smith Goes to Washington
9344,Kids
10707,The Squid and the Whale
15647,Kissing Jessica Stein
308529,Kickboxer: Vengeance
4174,Spellbound
9464,Buffalo '66
49018,Insidious
13820,Repo Man
18079,Nine Queens
17113,The Ballad of Jack and Rose
129139,The To Do List
507,Killing Zoe
4012,The Believer
10972,Session 9
3082,Modern Times
1961,My Name Is Bruce
51820,The Salon
291362,Road Hard
30082,Forty Shades of Blue
72913,Amigo
23963,Pontypool
29406,Trucker
361505,Me You and Five Bucks
104755,The Lords of Salem
46729,Fetching Cody
137347,Closer to the Moon
301325,#Horror
408,Snow White and the Seven Dwarfs
44413,The Holy Girl
39209,Shalako
48463,Incident at Loch Ness
394047,The Dog Lover
312791,GirlHouse
2661,Batman
100,"Lock, Stock and Two Smoking Barrels"
309,The Celebration
25784,Journey from the Fall
19187,The Hebrew Hammer
223,Rebecca
9725,Friday the 13th Part 2
28580,The Lost Weekend
23730,C.H.U.D.
46256,The Lion of Judah
19997,Niagara
43266,How Green Was My Valley
1412,"Sex, Lies, and Videotape"
176,Saw
39939,Super Troopers
357834,The Algerian
215924,The Amazing Catfish
11219,The Trouble with Harry
176124,Home Run
500,Reservoir Dogs
429,"The Good, the Bad and the Ugly"
98369,Blue Like Jazz
89750,"Pink Ribbons, Inc."
49951,Certifiably Jonathan
86331,Desire
43884,The Charge of the Light Brigade
137955,Crowsnest
13064,Airborne
59917,Cotton Comes to Harlem
7553,Waiting...
39895,From a Whisper to a Scream
55616,Dracula: Pages from a Virgin's Diary
50037,Beyond the Black Rainbow
94329,The Raid
289,Casablanca
26815,Rocket Singh: Salesman of the Year
811,Silent Running
1366,Rocky
5769,Tom Jones
277685,Unfriended
103,Taxi Driver
11298,The Howling
646,Dr. No
9003,Hellraiser
347126,God's Not Dead 2
10092,Cry_Wolf
10643,Godzilla 2000
46705,Blue Valentine
546,Transamerica
76487,The Devil Inside
5722,Beyond the Valley of the Dolls
39833,Love Me Tender
1781,An Inconvenient Truth
18712,Sands of Iwo Jima
171424,The Green Inferno
113947,The Sessions
159014,20 Feet from Stardom
32456,Two Girls and a Guy
13508,Who Killed the Electric Car?
22597,The Broken Hearts Club: A Romantic Comedy
9707,Bubba Ho-tep
37532,Slam
26791,Brigham City
56666,Fiza
8675,Orgazmo
46989,Blue Car
21413,The Battle of Shaker Heights
123678,The Act of Killing
13362,Taxi to the Dark Side
39183,Once in a Lifetime: The Extraordinary Story of the New York Cosmos
201132,Antarctica: A Year on Ice
251471,A LEGO Brickumentary
112456,Hardflip
46727,Speedway Junky
18206,Alone With Her
320146,Creative Control
13856,Special
186935,Heli
19344,Loving Annabelle
242083,Hits
92635,Snow White: A Deadly Summer
96534,My Last Day Without You
272724,Doc Holliday's Revenge
269057,Bang Bang Baby
287524,Fear Clinic
29146,Charly
207769,Banshee Chapter
271185,Ask Me Anything
292539,Food Chains
654,On the Waterfront
91070,L!fe Happens
2009,"4 Months, 3 Weeks and 2 Days"
2652,Hard Candy
9813,The Quiet
3170,Bambi
15708,Latter Days
215918,1982
84200,"For a Good Time, Call..."
60243,A Separation
47889,Ruby in Paradise
25461,Raising Victor Vargas
26899,The Mudge Boy
14451,Dead Snow
10105,Saints and Soldiers
838,American Graffiti
84332,Safety Not Guaranteed
74725,Kill List
58428,The Innkeepers
8416,The Conformist
36584,Interview with the Assassin
9022,All the Boys Love Mandy Lane
288,High Noon
14275,Hoop Dreams
18734,L.I.E.
7859,Half Nelson
302579,Naturally Native
376004,Adulterers
158752,Escape from Tomorrow
138976,Treachery
323967,Walter
3080,Top Hat
2667,The Blair Witch Project
9459,Woodstock
11598,The Kentucky Fried Movie
324322,They Will Have to Kill Us First
704,A Hard Day's Night
70875,The Harvest (La Cosecha)
75986,Love Letters
14438,Fireproof
211086,Faith Connections
83,Open Water
30315,Kingdom of the Spiders
2056,The Station Agent
14271,Beyond the Mat
14757,Osama
84401,Sholem Aleichem: Laughing In The Darkness
12281,Mean Creek
180383,Deceptive Practice: The Mysteries and Mentors of Ricky Jay
346,Seven Samurai
45145,Johnny Suede
45649,Rubber
43933,Monsters
139715,Detention of the Dead
81220,Everything Put Together
117942,Girls Gone Dead
119657,El Rey de Najayo
297100,The Little Ponderosa Zoo
15624,Conversations with Other Women
3062,42nd Street
15389,Metropolitan
8193,Napoleon Dynamite
23827,Paranormal Activity
762,Monty Python and the Holy Grail
1435,Tarnation
9029,What Happens in Vegas
18045,The Dark Hours
11240,My Beautiful Laundrette
3059,Intolerance
65203,The Broadway Melody
764,The Evil Dead
103620,Maniac
14278,Murderball
371690,Rotor DR1
389,12 Angry Men
3078,It Happened One Night
21525,Tupac: Resurrection
55123,Tumbleweeds
11980,The Prophecy
1550,Pieces of April
26518,Old Joy
8942,Wendy and Lucy
2786,Pierrot le Fou
73981,Ayurveda: Art of Being
118452,"First Love, Last Rites"
13282,Death Race 2000
324352,Anderson's Cross
80468,Some Guy Who Kills People
2255,Chasing Amy
50035,Lovely & Amazing
32222,American Desi
378237,Amidst the Devil's Wings
431,Cube
51942,I Married a Strange Person!
60420,Like Crazy
109729,The Canyons
70687,The Sticky Fingers of Time
24869,Ink
77934,The Christmas Bunny
3060,The Big Parade
173224,Along the Roadside
18533,Bronson
139948,Burn
70478,The Stewardesses
35073,"The Beast from 20,000 Fathoms"
9659,Mad Max
10218,Swingers
391,A Fistful of Dollars
43595,She Done Him Wrong
54897,The Grace Card
40920,The Business of Fancydancing
54702,Malevolence
69270,Super Hybrid
21334,Children of Heaven
79120,Weekend
55420,Another Earth
5822,Sweet Sweetback's Baadasssss Song
408429,Perfect Cowboy
39141,Tadpole
5723,Once
1779,Roger & Me
84355,Your Sister's Sister
18632,A Dog's Breakfast
40652,The Married Woman
339408,The Birth of a Nation
18925,Facing the Giants
299245,The Gallows
985,Eraserhead
268917,The Past Is a Grotesque Animal
473,Pi
360188,Queen Crab
9372,Super Size Me
33468,The Brain That Wouldn't Die
74777,Absentia
47607,Tiny Furniture
193603,Hayride
322745,Counting
20981,The Call of Cthulhu
242095,The Signal
250902,The Image Revolution
290391,"Run, Hide, Die"
40769,Mutual Appreciation
42151,Down Terrace
2292,Clerks
42497,Pink Narcissus
255266,Dry Spell
692,Pink Flamingos
157185,Tin Can Man
36095,Cure
14337,Primer
9367,El Mariachi
72766,Newlyweds
